{
  "health_function_guidelines": {
    "title": "13項保健功效及不適當功效延申例句之參考",
    "total_items": 13,
    "items": [
      {
        "id": "違反食品安全管理法13 項保健功效及不適當功效延申例句之參考-項次1-胃腸功能改善",
        "function": "胃腸功能改善",
        "inappropriate_claims": [
          "維持腸胃道環境清潔",
          "腸胃道環保",
          "抑制有害腸道細菌",
          "抵抗害菌",
          "消除便祕"
        ]
      },
      {
        "id": "違反食品安全管理法13 項保健功效及不適當功效延申例句之參考-項次2-骨質保健功能",
        "function": "骨質保健功能",
        "inappropriate_claims": [
          "可改善骨骼佝僂的情況"
        ]
      },
      {
        "id": "違反食品安全管理法13 項保健功效及不適當功效延申例句之參考-項次3-牙齒保健功能",
        "function": "牙齒保健功能",
        "inappropriate_claims": [
          "幫助除牙結石",
          "預防蛀牙等"
        ]
      },
      {
        "id": "違反食品安全管理法13 項保健功效及不適當功效延申例句之參考-項次4-免疫調節功能",
        "function": "免疫調節功能",
        "inappropriate_claims": [
          "可幫助人體抗菌功能",
          "提高免疫力"
        ]
      },
      {
        "id": "違反食品安全管理法13 項保健功效及不適當功效延申例句之參考-項次5-護肝功能（針對化學性肝損傷）",
        "function": "護肝功能（針對化學性肝損傷）",
        "inappropriate_claims": [
          "增強肝功能"
        ]
      },
      {
        "id": "違反食品安全管理法13 項保健功效及不適當功效延申例句之參考-項次6-抗疲勞功能",
        "function": "抗疲勞功能",
        "inappropriate_claims": []
      },
      {
        "id": "違反食品安全管理法13 項保健功效及不適當功效延申例句之參考-項次7-延緩衰老功能",
        "function": "延緩衰老功能",
        "inappropriate_claims": [
          "預防老人痴呆",
          "青春永駐",
          "延年益壽"
        ]
      },
      {
        "id": "違反食品安全管理法13 項保健功效及不適當功效延申例句之參考-項次8-促進鐵吸收功能",
        "function": "促進鐵吸收功能",
        "inappropriate_claims": [
          "補血",
          "造血",
          "改善貧血",
          "肌膚粉嫩"
        ]
      },
      {
        "id": "違反食品安全管理法13 項保健功效及不適當功效延申例句之參考-項次9-輔助調節血壓功能",
        "function": "輔助調節血壓功能",
        "inappropriate_claims": [
          "降血壓"
        ]
      },
      {
        "id": "違反食品安全管理法13 項保健功效及不適當功效延申例句之參考-項次10-不易形成體脂肪功能",
        "function": "不易形成體脂肪功能",
        "inappropriate_claims": [
          "減肥",
          "瘦身"
        ]
      },
      {
        "id": "違反食品安全管理法13 項保健功效及不適當功效延申例句之參考-項次11-輔助調整過敏體質功能",
        "function": "輔助調整過敏體質功能",
        "inappropriate_claims": [
          "有效對抗過敏"
        ]
      },
      {
        "id": "違反食品安全管理法13 項保健功效及不適當功效延申例句之參考-項次12-調節血糖功能",
        "function": "調節血糖功能",
        "inappropriate_claims": [
          "降血糖",
          "尿糖"
        ]
      },
      {
        "id": "違反食品安全管理法13 項保健功效及不適當功效延申例句之參考-項次13-調節血脂功能",
        "function": "調節血脂功能",
        "inappropriate_claims": [
          "清除血管沉積物",
          "血清促進血液循環",
          "乳化清理膽固醇",
          "防止壞的膽固醇氧化"
        ]
      }
    ]
  }
}