{
  "title": "食品及相關產品標示宣傳廣告涉及不實誇張易生誤解或醫療效能認定準則-可使用詞句",
  "source": "食品及相關產品標示宣傳廣告規範",
  "total_cases": 103,
  "categories": [
    {
      "category": "通常可以使用之詞句",
      "cases": [
        {
          "ID": "食品及相關產品標示宣傳廣告涉及不實誇張易生誤解或醫療效能認定準則-項次1",
          "ad_content": "幫助牙齒骨骼正常發育",
          "description": "允許使用的廣告詞句"
        },
        {
          "ID": "食品及相關產品標示宣傳廣告涉及不實誇張易生誤解或醫療效能認定準則-項次2",
          "ad_content": "幫助消化",
          "description": "允許使用的廣告詞句"
        },
        {
          "ID": "食品及相關產品標示宣傳廣告涉及不實誇張易生誤解或醫療效能認定準則-項次3",
          "ad_content": "幫助維持消化道機能",
          "description": "允許使用的廣告詞句"
        },
        {
          "ID": "食品及相關產品標示宣傳廣告涉及不實誇張易生誤解或醫療效能認定準則-項次4",
          "ad_content": "改變細菌叢生態",
          "description": "允許使用的廣告詞句"
        },
        {
          "ID": "食品及相關產品標示宣傳廣告涉及不實誇張易生誤解或醫療效能認定準則-項次5",
          "ad_content": "使排便順暢",
          "description": "允許使用的廣告詞句"
        },
        {
          "ID": "食品及相關產品標示宣傳廣告涉及不實誇張易生誤解或醫療效能認定準則-項次6",
          "ad_content": "調整體質",
          "description": "允許使用的廣告詞句"
        },
        {
          "ID": "食品及相關產品標示宣傳廣告涉及不實誇張易生誤解或醫療效能認定準則-項次7",
          "ad_content": "調節生理機能",
          "description": "允許使用的廣告詞句"
        },
        {
          "ID": "食品及相關產品標示宣傳廣告涉及不實誇張易生誤解或醫療效能認定準則-項次8",
          "ad_content": "滋補強身",
          "description": "允許使用的廣告詞句"
        },
        {
          "ID": "食品及相關產品標示宣傳廣告涉及不實誇張易生誤解或醫療效能認定準則-項次9",
          "ad_content": "增強體力",
          "description": "允許使用的廣告詞句"
        },
        {
          "ID": "食品及相關產品標示宣傳廣告涉及不實誇張易生誤解或醫療效能認定準則-項次10",
          "ad_content": "精神旺盛",
          "description": "允許使用的廣告詞句"
        },
        {
          "ID": "食品及相關產品標示宣傳廣告涉及不實誇張易生誤解或醫療效能認定準則-項次11",
          "ad_content": "養顏美容",
          "description": "允許使用的廣告詞句"
        },
        {
          "ID": "食品及相關產品標示宣傳廣告涉及不實誇張易生誤解或醫療效能認定準則-項次12",
          "ad_content": "幫助入睡",
          "description": "允許使用的廣告詞句"
        },
        {
          "ID": "食品及相關產品標示宣傳廣告涉及不實誇張易生誤解或醫療效能認定準則-項次13",
          "ad_content": "營養補給",
          "description": "允許使用的廣告詞句"
        },
        {
          "ID": "食品及相關產品標示宣傳廣告涉及不實誇張易生誤解或醫療效能認定準則-項次14",
          "ad_content": "健康維持",
          "description": "允許使用的廣告詞句"
        },
        {
          "ID": "食品及相關產品標示宣傳廣告涉及不實誇張易生誤解或醫療效能認定準則-項次15",
          "ad_content": "青春美麗",
          "description": "允許使用的廣告詞句"
        },
        {
          "ID": "食品及相關產品標示宣傳廣告涉及不實誇張易生誤解或醫療效能認定準則-項次16",
          "ad_content": "產前產後或病後之補養",
          "description": "允許使用的廣告詞句"
        },
        {
          "ID": "食品及相關產品標示宣傳廣告涉及不實誇張易生誤解或醫療效能認定準則-項次17",
          "ad_content": "促進新陳代謝",
          "description": "允許使用的廣告詞句"
        },
        {
          "ID": "食品及相關產品標示宣傳廣告涉及不實誇張易生誤解或醫療效能認定準則-項次18",
          "ad_content": "清涼解渴",
          "description": "允許使用的廣告詞句"
        },
        {
          "ID": "食品及相關產品標示宣傳廣告涉及不實誇張易生誤解或醫療效能認定準則-項次19",
          "ad_content": "生津止渴",
          "description": "允許使用的廣告詞句"
        },
        {
          "ID": "食品及相關產品標示宣傳廣告涉及不實誇張易生誤解或醫療效能認定準則-項次20",
          "ad_content": "促進食慾",
          "description": "允許使用的廣告詞句"
        },
        {
          "ID": "食品及相關產品標示宣傳廣告涉及不實誇張易生誤解或醫療效能認定準則-項次21",
          "ad_content": "開胃",
          "description": "允許使用的廣告詞句"
        },
        {
          "ID": "食品及相關產品標示宣傳廣告涉及不實誇張易生誤解或醫療效能認定準則-項次22",
          "ad_content": "退火",
          "description": "允許使用的廣告詞句"
        },
        {
          "ID": "食品及相關產品標示宣傳廣告涉及不實誇張易生誤解或醫療效能認定準則-項次23",
          "ad_content": "降火氣",
          "description": "允許使用的廣告詞句"
        },
        {
          "ID": "食品及相關產品標示宣傳廣告涉及不實誇張易生誤解或醫療效能認定準則-項次24",
          "ad_content": "使口氣芬芳",
          "description": "允許使用的廣告詞句"
        },
        {
          "ID": "食品及相關產品標示宣傳廣告涉及不實誇張易生誤解或醫療效能認定準則-項次25",
          "ad_content": "促進唾液分泌",
          "description": "允許使用的廣告詞句"
        },
        {
          "ID": "食品及相關產品標示宣傳廣告涉及不實誇張易生誤解或醫療效能認定準則-項次26",
          "ad_content": "潤喉",
          "description": "允許使用的廣告詞句"
        },
        {
          "ID": "食品及相關產品標示宣傳廣告涉及不實誇張易生誤解或醫療效能認定準則-項次27",
          "ad_content": "生津解渴",
          "description": "允許使用的廣告詞句"
        }
      ]
    },
    {
      "category": "營養素生理功能",
      "subcategories": [
        {
          "subcategory": "維生素A或β-胡蘿蔔素",
          "cases": [
            {
              "ID": "食品及相關產品標示宣傳廣告涉及不實誇張易生誤解或醫療效能認定準則-項次28",
              "ad_content": "有助於維持在暗處的視覺",
              "description": "維生素A或β-胡蘿蔔素的生理功能"
            },
            {
              "ID": "食品及相關產品標示宣傳廣告涉及不實誇張易生誤解或醫療效能認定準則-項次29",
              "ad_content": "增進皮膚與黏膜的健康",
              "description": "維生素A或β-胡蘿蔔素的生理功能"
            },
            {
              "ID": "食品及相關產品標示宣傳廣告涉及不實誇張易生誤解或醫療效能認定準則-項次30",
              "ad_content": "幫助牙齒和骨骼的發育與生長",
              "description": "維生素A或β-胡蘿蔔素的生理功能"
            }
          ]
        },
        {
          "subcategory": "維生素D",
          "cases": [
            {
              "ID": "食品及相關產品標示宣傳廣告涉及不實誇張易生誤解或醫療效能認定準則-項次31",
              "ad_content": "增進鈣吸收",
              "description": "維生素D的生理功能"
            },
            {
              "ID": "食品及相關產品標示宣傳廣告涉及不實誇張易生誤解或醫療效能認定準則-項次32",
              "ad_content": "幫助骨骼與牙齒的生長發育",
              "description": "維生素D的生理功能"
            },
            {
              "ID": "食品及相關產品標示宣傳廣告涉及不實誇張易生誤解或醫療效能認定準則-項次33",
              "ad_content": "促進釋放骨鈣，以維持血鈣平衡",
              "description": "維生素D的生理功能"
            },
            {
              "ID": "食品及相關產品標示宣傳廣告涉及不實誇張易生誤解或醫療效能認定準則-項次34",
              "ad_content": "有助於維持神經、肌肉的正常生理",
              "description": "維生素D的生理功能"
            }
          ]
        },
        {
          "subcategory": "維生素E",
          "cases": [
            {
              "ID": "食品及相關產品標示宣傳廣告涉及不實誇張易生誤解或醫療效能認定準則-項次35",
              "ad_content": "減少不飽和脂肪酸的氧化",
              "description": "維生素E的生理功能"
            },
            {
              "ID": "食品及相關產品標示宣傳廣告涉及不實誇張易生誤解或醫療效能認定準則-項次36",
              "ad_content": "有助於維持細胞膜的完整性",
              "description": "維生素E的生理功能"
            },
            {
              "ID": "食品及相關產品標示宣傳廣告涉及不實誇張易生誤解或醫療效能認定準則-項次37",
              "ad_content": "具抗氧化作用",
              "description": "維生素E的生理功能"
            },
            {
              "ID": "食品及相關產品標示宣傳廣告涉及不實誇張易生誤解或醫療效能認定準則-項次38",
              "ad_content": "增進皮膚與血球的健康",
              "description": "維生素E的生理功能"
            },
            {
              "ID": "食品及相關產品標示宣傳廣告涉及不實誇張易生誤解或醫療效能認定準則-項次39",
              "ad_content": "有助於減少自由基的產生",
              "description": "維生素E的生理功能"
            }
          ]
        },
        {
          "subcategory": "維生素K",
          "cases": [
            {
              "ID": "食品及相關產品標示宣傳廣告涉及不實誇張易生誤解或醫療效能認定準則-項次40",
              "ad_content": "有助血液正常的凝固功能",
              "description": "維生素K的生理功能"
            },
            {
              "ID": "食品及相關產品標示宣傳廣告涉及不實誇張易生誤解或醫療效能認定準則-項次41",
              "ad_content": "促進骨質的鈣化",
              "description": "維生素K的生理功能"
            },
            {
              "ID": "食品及相關產品標示宣傳廣告涉及不實誇張易生誤解或醫療效能認定準則-項次42",
              "ad_content": "活化肝臟與血液中的凝血蛋白質",
              "description": "維生素K的生理功能"
            }
          ]
        },
        {
          "subcategory": "維生素C",
          "cases": [
            {
              "ID": "食品及相關產品標示宣傳廣告涉及不實誇張易生誤解或醫療效能認定準則-項次43",
              "ad_content": "促進膠原蛋白的形成，有助於傷口癒合",
              "description": "維生素C的生理功能"
            },
            {
              "ID": "食品及相關產品標示宣傳廣告涉及不實誇張易生誤解或醫療效能認定準則-項次44",
              "ad_content": "有助於維持細胞排列的緊密性",
              "description": "維生素C的生理功能"
            },
            {
              "ID": "食品及相關產品標示宣傳廣告涉及不實誇張易生誤解或醫療效能認定準則-項次45",
              "ad_content": "增進體內結締組織、骨骼及牙齒的生長",
              "description": "維生素C的生理功能"
            },
            {
              "ID": "食品及相關產品標示宣傳廣告涉及不實誇張易生誤解或醫療效能認定準則-項次46",
              "ad_content": "促進鐵的吸收",
              "description": "維生素C的生理功能"
            },
            {
              "ID": "食品及相關產品標示宣傳廣告涉及不實誇張易生誤解或醫療效能認定準則-項次47",
              "ad_content": "具抗氧化作用",
              "description": "維生素C的生理功能"
            },
            {
              "ID": "食品及相關產品標示宣傳廣告涉及不實誇張易生誤解或醫療效能認定準則-項次48",
              "ad_content": "有助於維持牙齦與皮膚的正常功能",
              "description": "維生素C的生理功能"
            }
          ]
        },
        {
          "subcategory": "維生素B1",
          "cases": [
            {
              "ID": "食品及相關產品標示宣傳廣告涉及不實誇張易生誤解或醫療效能認定準則-項次49",
              "ad_content": "有助於維持能量正常代謝",
              "description": "維生素B1的生理功能"
            },
            {
              "ID": "食品及相關產品標示宣傳廣告涉及不實誇張易生誤解或醫療效能認定準則-項次50",
              "ad_content": "幫助維持皮膚、心臟及神經系統的正常功能",
              "description": "維生素B1的生理功能"
            },
            {
              "ID": "食品及相關產品標示宣傳廣告涉及不實誇張易生誤解或醫療效能認定準則-項次51",
              "ad_content": "有助於維持正常的食慾",
              "description": "維生素B1的生理功能"
            }
          ]
        },
        {
          "subcategory": "維生素B2",
          "cases": [
            {
              "ID": "食品及相關產品標示宣傳廣告涉及不實誇張易生誤解或醫療效能認定準則-項次52",
              "ad_content": "有助於維持能量正常代謝",
              "description": "維生素B2的生理功能"
            },
            {
              "ID": "食品及相關產品標示宣傳廣告涉及不實誇張易生誤解或醫療效能認定準則-項次53",
              "ad_content": "有助於維持皮膚的健康",
              "description": "維生素B2的生理功能"
            }
          ]
        },
        {
          "subcategory": "菸鹼素",
          "cases": [
            {
              "ID": "食品及相關產品標示宣傳廣告涉及不實誇張易生誤解或醫療效能認定準則-項次54",
              "ad_content": "有助於維持能量正常代謝",
              "description": "菸鹼素的生理功能"
            },
            {
              "ID": "食品及相關產品標示宣傳廣告涉及不實誇張易生誤解或醫療效能認定準則-項次55",
              "ad_content": "增進皮膚、神經系統、黏膜及消化系統的健康",
              "description": "菸鹼素的生理功能"
            }
          ]
        },
        {
          "subcategory": "維生素B6",
          "cases": [
            {
              "ID": "食品及相關產品標示宣傳廣告涉及不實誇張易生誤解或醫療效能認定準則-項次56",
              "ad_content": "有助於維持胺基酸正常代謝",
              "description": "維生素B6的生理功能"
            },
            {
              "ID": "食品及相關產品標示宣傳廣告涉及不實誇張易生誤解或醫療效能認定準則-項次57",
              "ad_content": "有助於紅血球中紫質的形成",
              "description": "維生素B6的生理功能"
            },
            {
              "ID": "食品及相關產品標示宣傳廣告涉及不實誇張易生誤解或醫療效能認定準則-項次58",
              "ad_content": "幫助色胺酸轉變成菸鹼素",
              "description": "維生素B6的生理功能"
            },
            {
              "ID": "食品及相關產品標示宣傳廣告涉及不實誇張易生誤解或醫療效能認定準則-項次59",
              "ad_content": "有助於紅血球維持正常型態",
              "description": "維生素B6的生理功能"
            },
            {
              "ID": "食品及相關產品標示宣傳廣告涉及不實誇張易生誤解或醫療效能認定準則-項次60",
              "ad_content": "增進神經系統的健康",
              "description": "維生素B6的生理功能"
            }
          ]
        },
        {
          "subcategory": "葉酸",
          "cases": [
            {
              "ID": "食品及相關產品標示宣傳廣告涉及不實誇張易生誤解或醫療效能認定準則-項次61",
              "ad_content": "有助於紅血球的形成",
              "description": "葉酸的生理功能"
            },
            {
              "ID": "食品及相關產品標示宣傳廣告涉及不實誇張易生誤解或醫療效能認定準則-項次62",
              "ad_content": "有助於核酸與核蛋白的形成",
              "description": "葉酸的生理功能"
            },
            {
              "ID": "食品及相關產品標示宣傳廣告涉及不實誇張易生誤解或醫療效能認定準則-項次63",
              "ad_content": "有助胎兒的正常發育與生長",
              "description": "葉酸的生理功能"
            }
          ]
        },
        {
          "subcategory": "維生素B12",
          "cases": [
            {
              "ID": "食品及相關產品標示宣傳廣告涉及不實誇張易生誤解或醫療效能認定準則-項次64",
              "ad_content": "有助於紅血球的形成",
              "description": "維生素B12的生理功能"
            },
            {
              "ID": "食品及相關產品標示宣傳廣告涉及不實誇張易生誤解或醫療效能認定準則-項次65",
              "ad_content": "增進神經系統的健康",
              "description": "維生素B12的生理功能"
            }
          ]
        },
        {
          "subcategory": "生物素",
          "cases": [
            {
              "ID": "食品及相關產品標示宣傳廣告涉及不實誇張易生誤解或醫療效能認定準則-項次66",
              "ad_content": "有助於維持能量與胺基酸的正常代謝",
              "description": "生物素的生理功能"
            },
            {
              "ID": "食品及相關產品標示宣傳廣告涉及不實誇張易生誤解或醫療效能認定準則-項次67",
              "ad_content": "有助於脂肪與肝醣的合成",
              "description": "生物素的生理功能"
            },
            {
              "ID": "食品及相關產品標示宣傳廣告涉及不實誇張易生誤解或醫療效能認定準則-項次68",
              "ad_content": "有助於嘌呤的合成",
              "description": "生物素的生理功能"
            },
            {
              "ID": "食品及相關產品標示宣傳廣告涉及不實誇張易生誤解或醫療效能認定準則-項次69",
              "ad_content": "增進皮膚和黏膜的健康",
              "description": "生物素的生理功能"
            }
          ]
        },
        {
          "subcategory": "泛酸",
          "cases": [
            {
              "ID": "食品及相關產品標示宣傳廣告涉及不實誇張易生誤解或醫療效能認定準則-項次70",
              "ad_content": "有助於維持能量正常代謝",
              "description": "泛酸的生理功能"
            },
            {
              "ID": "食品及相關產品標示宣傳廣告涉及不實誇張易生誤解或醫療效能認定準則-項次71",
              "ad_content": "增進皮膚和黏膜的健康",
              "description": "泛酸的生理功能"
            },
            {
              "ID": "食品及相關產品標示宣傳廣告涉及不實誇張易生誤解或醫療效能認定準則-項次72",
              "ad_content": "有助於體脂肪、膽固醇的合成及胺基酸的代謝",
              "description": "泛酸的生理功能"
            }
          ]
        },
        {
          "subcategory": "鈣",
          "cases": [
            {
              "ID": "食品及相關產品標示宣傳廣告涉及不實誇張易生誤解或醫療效能認定準則-項次73",
              "ad_content": "有助於維持骨骼與牙齒的正常發育及健康",
              "description": "鈣的生理功能"
            },
            {
              "ID": "食品及相關產品標示宣傳廣告涉及不實誇張易生誤解或醫療效能認定準則-項次74",
              "ad_content": "幫助血液正常的凝固功能",
              "description": "鈣的生理功能"
            },
            {
              "ID": "食品及相關產品標示宣傳廣告涉及不實誇張易生誤解或醫療效能認定準則-項次75",
              "ad_content": "有助於肌肉與心臟的正常收縮及神經的感應性",
              "description": "鈣的生理功能"
            },
            {
              "ID": "食品及相關產品標示宣傳廣告涉及不實誇張易生誤解或醫療效能認定準則-項次76",
              "ad_content": "活化凝血酶元轉變為凝血酶，幫助血液凝固",
              "description": "鈣的生理功能"
            },
            {
              "ID": "食品及相關產品標示宣傳廣告涉及不實誇張易生誤解或醫療效能認定準則-項次77",
              "ad_content": "調控細胞的通透性",
              "description": "鈣的生理功能"
            }
          ]
        },
        {
          "subcategory": "鐵",
          "cases": [
            {
              "ID": "食品及相關產品標示宣傳廣告涉及不實誇張易生誤解或醫療效能認定準則-項次78",
              "ad_content": "有助於正常紅血球的形成",
              "description": "鐵的生理功能"
            },
            {
              "ID": "食品及相關產品標示宣傳廣告涉及不實誇張易生誤解或醫療效能認定準則-項次79",
              "ad_content": "構成血紅素與肌紅素的重要成分",
              "description": "鐵的生理功能"
            },
            {
              "ID": "食品及相關產品標示宣傳廣告涉及不實誇張易生誤解或醫療效能認定準則-項次80",
              "ad_content": "有助於氧氣的輸送與利用",
              "description": "鐵的生理功能"
            }
          ]
        },
        {
          "subcategory": "碘",
          "cases": [
            {
              "ID": "食品及相關產品標示宣傳廣告涉及不實誇張易生誤解或醫療效能認定準則-項次81",
              "ad_content": "合成甲狀腺激素的主要成分",
              "description": "碘的生理功能"
            },
            {
              "ID": "食品及相關產品標示宣傳廣告涉及不實誇張易生誤解或醫療效能認定準則-項次82",
              "ad_content": "有助於維持正常生長、發育、神經肌肉的功能",
              "description": "碘的生理功能"
            },
            {
              "ID": "食品及相關產品標示宣傳廣告涉及不實誇張易生誤解或醫療效能認定準則-項次83",
              "ad_content": "調節細胞的氧化作用",
              "description": "碘的生理功能"
            },
            {
              "ID": "食品及相關產品標示宣傳廣告涉及不實誇張易生誤解或醫療效能認定準則-項次84",
              "ad_content": "有助於維持甲狀腺激素的正常分泌",
              "description": "碘的生理功能"
            },
            {
              "ID": "食品及相關產品標示宣傳廣告涉及不實誇張易生誤解或醫療效能認定準則-項次85",
              "ad_content": "有助於維持正常基礎代謝",
              "description": "碘的生理功能"
            }
          ]
        },
        {
          "subcategory": "鎂",
          "cases": [
            {
              "ID": "食品及相關產品標示宣傳廣告涉及不實誇張易生誤解或醫療效能認定準則-項次86",
              "ad_content": "有助於骨骼與牙齒的正常發育",
              "description": "鎂的生理功能"
            },
            {
              "ID": "食品及相關產品標示宣傳廣告涉及不實誇張易生誤解或醫療效能認定準則-項次87",
              "ad_content": "有助於維持醣類的正常代謝",
              "description": "鎂的生理功能"
            },
            {
              "ID": "食品及相關產品標示宣傳廣告涉及不實誇張易生誤解或醫療效能認定準則-項次88",
              "ad_content": "有助於心臟、肌肉及神經的正常功能",
              "description": "鎂的生理功能"
            },
            {
              "ID": "食品及相關產品標示宣傳廣告涉及不實誇張易生誤解或醫療效能認定準則-項次89",
              "ad_content": "有助於身體正常代謝",
              "description": "鎂的生理功能"
            }
          ]
        },
        {
          "subcategory": "鋅",
          "cases": [
            {
              "ID": "食品及相關產品標示宣傳廣告涉及不實誇張易生誤解或醫療效能認定準則-項次90",
              "ad_content": "為胰島素及多種酵素的成分",
              "description": "鋅的生理功能"
            },
            {
              "ID": "食品及相關產品標示宣傳廣告涉及不實誇張易生誤解或醫療效能認定準則-項次91",
              "ad_content": "有助於維持能量、醣類、蛋白質與核酸的正常代謝",
              "description": "鋅的生理功能"
            },
            {
              "ID": "食品及相關產品標示宣傳廣告涉及不實誇張易生誤解或醫療效能認定準則-項次92",
              "ad_content": "增進皮膚健康",
              "description": "鋅的生理功能"
            },
            {
              "ID": "食品及相關產品標示宣傳廣告涉及不實誇張易生誤解或醫療效能認定準則-項次93",
              "ad_content": "有助於維持正常味覺與食慾",
              "description": "鋅的生理功能"
            },
            {
              "ID": "食品及相關產品標示宣傳廣告涉及不實誇張易生誤解或醫療效能認定準則-項次94",
              "ad_content": "有助於維持生長發育與生殖機能",
              "description": "鋅的生理功能"
            },
            {
              "ID": "食品及相關產品標示宣傳廣告涉及不實誇張易生誤解或醫療效能認定準則-項次95",
              "ad_content": "有助於皮膚組織蛋白質的合成",
              "description": "鋅的生理功能"
            },
            {
              "ID": "食品及相關產品標示宣傳廣告涉及不實誇張易生誤解或醫療效能認定準則-項次96",
              "ad_content": "有助於抗氧化",
              "description": "鋅的生理功能"
            }
          ]
        },
        {
          "subcategory": "鉻",
          "cases": [
            {
              "ID": "食品及相關產品標示宣傳廣告涉及不實誇張易生誤解或醫療效能認定準則-項次97",
              "ad_content": "有助於維持醣類正常代謝",
              "description": "鉻的生理功能"
            }
          ]
        },
        {
          "subcategory": "硒",
          "cases": [
            {
              "ID": "食品及相關產品標示宣傳廣告涉及不實誇張易生誤解或醫療效能認定準則-項次98",
              "ad_content": "有助於抗氧化，抵抗氧化壓力",
              "description": "硒的生理功能"
            }
          ]
        },
        {
          "subcategory": "蛋白質",
          "cases": [
            {
              "ID": "食品及相關產品標示宣傳廣告涉及不實誇張易生誤解或醫療效能認定準則-項次99",
              "ad_content": "人體細胞、組織、器官的主要構成物質",
              "description": "蛋白質的生理功能"
            },
            {
              "ID": "食品及相關產品標示宣傳廣告涉及不實誇張易生誤解或醫療效能認定準則-項次100",
              "ad_content": "幫助生長發育",
              "description": "蛋白質的生理功能"
            },
            {
              "ID": "食品及相關產品標示宣傳廣告涉及不實誇張易生誤解或醫療效能認定準則-項次101",
              "ad_content": "有助於組織的修復",
              "description": "蛋白質的生理功能"
            },
            {
              "ID": "食品及相關產品標示宣傳廣告涉及不實誇張易生誤解或醫療效能認定準則-項次102",
              "ad_content": "為肌肉合成的來源之一",
              "description": "蛋白質的生理功能"
            },
            {
              "ID": "食品及相關產品標示宣傳廣告涉及不實誇張易生誤解或醫療效能認定準則-項次103",
              "ad_content": "可用於肌肉生長",
              "description": "蛋白質的生理功能"
            }
          ]
        },
        {
          "subcategory": "膳食纖維",
          "cases": [
            {
              "ID": "食品及相關產品標示宣傳廣告涉及不實誇張易生誤解或醫療效能認定準則-項次104",
              "ad_content": "可促進腸道蠕動",
              "description": "膳食纖維的生理功能"
            },
            {
              "ID": "食品及相關產品標示宣傳廣告涉及不實誇張易生誤解或醫療效能認定準則-項次105",
              "ad_content": "增加飽足感",
              "description": "膳食纖維的生理功能"
            },
            {
              "ID": "食品及相關產品標示宣傳廣告涉及不實誇張易生誤解或醫療效能認定準則-項次106",
              "ad_content": "使糞便比較柔軟而易於排出",
              "description": "膳食纖維的生理功能"
            },
            {
              "ID": "食品及相關產品標示宣傳廣告涉及不實誇張易生誤解或醫療效能認定準則-項次107",
              "ad_content": "膳食中有適量的膳食纖維時，可增加糞便量",
              "description": "膳食纖維的生理功能"
            }
          ]
        }
      ]
    }
  ],
  "notes": [
    {
      "note_id": "註一",
      "content": "營養素「含量」應符合「包裝食品營養宣稱應遵行事項」及「包裝維生素礦物質類之錠狀膠囊狀食品營養標示應遵行事項」之規定，方得標示、宣傳或廣告其可敘述之生理功能詞句。"
    },
    {
      "note_id": "註二",
      "content": "鉻每日最低攝取量需達 6μg，方得標示、宣傳或廣告其可敘述之生理功能詞句。"
    },
    {
      "note_id": "註三",
      "content": "營養素或特定成分可敘述之生理功能詞句用於標示、宣傳或廣告時，應敘明其係屬各該營養素或特定成分之生理功能。"
    }
  ],
  "metadata": {
    "document_type": "廣告規範指引",
    "language": "zh-TW",
    "purpose": "食品及相關產品允許使用的廣告詞句參考"
  }
}
