{
  "title": "食品、藥品、健康食品得使用詞句補充案例",
  "source": "食品、藥品、健康食品標示宣傳廣告規範",
  "total_cases": 18,
  "cases": [
    {
      "ID": "食品、藥品、健康食品得使用詞句補充案例-項次1",
      "content": "能完整補充人體營養"
    },
    {
      "ID": "食品、藥品、健康食品得使用詞句補充案例-項次2",
      "content": "調整體質"
    },
    {
      "ID": "食品、藥品、健康食品得使用詞句補充案例-項次3",
      "content": "提升生理機能"
    },
    {
      "ID": "食品、藥品、健康食品得使用詞句補充案例-項次4",
      "content": "調節生理機能"
    },
    {
      "ID": "食品、藥品、健康食品得使用詞句補充案例-項次5",
      "content": "促進新陳代謝"
    },
    {
      "ID": "食品、藥品、健康食品得使用詞句補充案例-項次6",
      "content": "幫助入睡"
    },
    {
      "ID": "食品、藥品、健康食品得使用詞句補充案例-項次7",
      "content": "調整體質"
    },
    {
      "ID": "食品、藥品、健康食品得使用詞句補充案例-項次8",
      "content": "青春美麗"
    },
    {
      "ID": "食品、藥品、健康食品得使用詞句補充案例-項次9",
      "content": "排便超有感"
    },
    {
      "ID": "食品、藥品、健康食品得使用詞句補充案例-項次10",
      "content": "給你排便順暢新體驗"
    },
    {
      "ID": "食品、藥品、健康食品得使用詞句補充案例-項次11",
      "content": "維持正常的排便習慣"
    },
    {
      "ID": "食品、藥品、健康食品得使用詞句補充案例-項次12",
      "content": "使排便順暢"
    },
    {
      "ID": "食品、藥品、健康食品得使用詞句補充案例-項次13",
      "content": "促進新陳代謝"
    },
    {
      "ID": "食品、藥品、健康食品得使用詞句補充案例-項次14",
      "content": "調整體質"
    },
    {
      "ID": "食品、藥品、健康食品得使用詞句補充案例-項次15",
      "content": "改變細菌叢生態"
    },
    {
      "ID": "食品、藥品、健康食品得使用詞句補充案例-項次16",
      "content": "調節生理機能"
    },
    {
      "ID": "食品、藥品、健康食品得使用詞句補充案例-項次17",
      "content": "保護消化道全機能"
    },
    {
      "ID": "食品、藥品、健康食品得使用詞句補充案例-項次18",
      "content": "提升吸收滋養消化機能"
    }
  ],
  "metadata": {
    "purpose": "提供食品、藥品、健康食品廣告中合法使用的詞句範例",
    "language": "zh-TW"
  }
}