{
  "title": "食品、化粧品、藥物、醫療器材相關法規彙編",
  "source": "健康食品管理法、食品安全衛生管理法、化粧品衛生管理法、藥事法、醫療器材管理法",
  "total_cases": 18,
  "categories": [
    {
      "category": "健康食品管理法",
      "cases": [
        {
          "ID": "健康食品管理法-第14條",
          "content": "健康食品之標示或廣告，不得涉及醫療效能之內容。"
        },
        {
          "ID": "健康食品管理法-第24條-第1項",
          "content": "違反第14條規定者，處新臺幣五十萬元以下罰鍰。"
        },
        {
          "ID": "健康食品管理法-第24條-第2項",
          "content": "違反第14條第2項規定者，處新臺幣四十萬元以上二百萬元以下罰鍰。"
        },
        {
          "ID": "健康食品管理法-第24條-第3項",
          "content": "前二款之罰鍰，應按次連續處罰至該違規廣告停止刊播為止，並應勒令停止其健康食品之製造、輸入及營業。"
        }
      ]
    },
    {
      "category": "食品安全衛生管理法",
      "cases": [
        {
          "ID": "食品安全衛生管理法-第3條",
          "content": "食品：指供人食用或飲用之產品及其原料。（定義條款，無罰則）"
        },
        {
          "ID": "食品安全衛生管理法-第28條-第1項",
          "content": "食品、食品添加物、食品用洗滌劑及經中央主管機關公告之食品器具、食品容器或包裝，其標示、宣傳或廣告不得涉及醫療效能。"
        },
        {
          "ID": "食品安全衛生管理法-第45條-第1項",
          "content": "違反第28條第1項或中央主管機關依第28條第2項所定基準者，處新臺幣六十萬元以上五百萬元以下罰鍰。"
        },
        {
          "ID": "食品安全衛生管理法-第45條-第2項",
          "content": "違反前項廣告規定之食品業者，應按次處罰至其停止刊播，並處新臺幣十萬元以下罰鍰。"
        }
      ]
    },
    {
      "category": "化粧品衛生管理法",
      "cases": [
        {
          "ID": "化粧品衛生管理法-第10條",
          "content": "化粧品之標示、宣傳及廣告內容，不得有虛偽或誇大之情事。"
        },
        {
          "ID": "化粧品衛生管理法-第20條",
          "content": "違反第10條第1項規定或依第4條所定準則有關宣傳或廣告之內容、方式之規定者，處新臺幣四萬元以上二十萬元以下罰鍰；違反同條第2項規定者，處新臺幣六十萬元以上五百萬元以下罰鍰；情節重大者，並得令其停業及廢止其公司、商業、工廠之全部或部分登記事項。"
        }
      ]
    },
    {
      "category": "藥事法",
      "cases": [
        {
          "ID": "藥事法-第66條",
          "content": "第1項 藥商刊播藥物廣告時，應於刊播前將所有文字、圖畫或言詞，申請中央或直轄市衛生主管機關核准，未經核准或經核准後廢止者，不得刊播。第2項 藥物廣告在核准登記、刊播期間不得變更原核准事項。第3項 傳播業者不得刊播未經中央或直轄市衛生主管機關核准、與核准事項不符、已廢止或經令立即停止刊播並限期改善而尚未改善之藥物廣告。第4項 受委託刊播之傳播業者，應自廣告之日起六個月，保存委託刊播廣告者之姓名（公司或團體名稱）、身分證或事業登記證字號、住居所（事務所或營業所）及電話等資料，且於主管機關要求提供時，不得規避、妨礙或拒絕。"
        },
        {
          "ID": "藥事法-第68條",
          "content": "藥物廣告不得以左列方式為之：一、假借他人名義為宣傳者。二、利用書刊資料保證其效能或性能。三、藉採訪或報導為宣傳。四、以其他不正當方式為宣傳。"
        },
        {
          "ID": "藥事法-第69條",
          "content": "非本法所稱之藥物，不得為醫療效能之標示或宣傳。"
        },
        {
          "ID": "藥事法-第70條-第2項-併-第92條-第4項",
          "content": "違反第69條規定者，處新臺幣六十萬元以上二千五百萬元以下罰鍰，其違法物品沒入銷毀；違反第66條第1項、第2項、第67條、第68條規定之一者，處新臺幣二十萬元以上五百萬元以下罰鍰。"
        }
      ]
    },
    {
      "category": "醫療器材管理法",
      "cases": [
        {
          "ID": "醫療器材管理法-第6條",
          "content": "本法所稱醫療器材廣告，指利用傳播方法，宣傳醫療效能，以達招徠銷售醫療器材為目的之行為。採訪、報導或宣傳之內容暗示或影射醫療器材之醫療效能，以達招徠銷售醫療器材為目的者，視為醫療器材廣告。"
        },
        {
          "ID": "醫療器材管理法-第40條",
          "content": "非醫療器材商不得為醫療器材廣告。"
        },
        {
          "ID": "醫療器材管理法-第41條-併-第65條-第2項",
          "content": "第41條第1項規定：醫療器材商刊播醫療器材廣告時，應由許可證所有人或登錄者於刊播前，檢具廣告所有文字、圖畫或言詞，依醫療器材商登記所在地，在直轄市者向直轄市主管機關，在縣（市）者向中央主管機關，申請核准刊播；經核准後，應向傳播業者送驗核准文件，始得刊播。第41條第2項規定：醫療器材廣告於核准刊播期間，不得變更原核准事項而為刊播。第65條第2項第1、2、3款規定：有下列情形之一者，處新臺幣20萬元以上500萬元以下罰鍰：一、違反第40條規定，非醫療器材商為醫療器材廣告。二、違反第41條第1項規定，醫療器材廣告未於刊播前申請核准或向傳播業者送驗核准文件。三、違反第41條第2項規定，醫療器材廣告未經核准擅自變更原核准事項。"
        },
        {
          "ID": "醫療器材管理法-第46條-併-第65條-第1項",
          "content": "第46條規定：非醫療器材，不得為醫療效能之標示或宣傳。但其他法律另有規定者，不在此限。第65條第1項規定：違反第46條規定，非醫療器材為醫療效能之標示或宣傳者，處新臺幣60萬元以上2,500萬元以下罰鍰。"
        }
      ]
    }
  ]
}