{
  "食品安全衛生管理法": {
    "第28條": [
      {
        "項次": 1,
        "內容": "食品、食品添加物、食品用洗潔劑及經中央主管機關公告之食品器具、食品容器或包裝，其標示、宣傳或廣告，不得有不實、誇張或易生誤解之情形。"
      },
      {
        "項次": 2,
        "內容": "食品不得為醫療效能之標示、宣傳或廣告。"
      }
    ],
    "第45條": [
      {
        "項次": 1,
        "內容": "違反第二十八條第一項或中央主管機關依第二十八條第三項所定辦法者，處新臺幣四萬元以上四百萬元以下罰鍰。"
      }
    ]
  }
}