{
      "category": "化粧品衛生管理法",
      "cases": [
        {
          "ID": "化粧品衛生管理法-第10條",
          "content": "化粧品之標示、宣傳及廣告內容，不得有虛偽或誇大之情事。"
        },
        {
          "ID": "化粧品衛生管理法-第20條",
          "content": "違反第10條第1項規定或依第4條所定準則有關宣傳或廣告之內容、方式之規定者，處新臺幣四萬元以上二十萬元以下罰鍰；違反同條第2項規定者，處新臺幣六十萬元以上五百萬元以下罰鍰；情節重大者，並得令其停業及廢止其公司、商業、工廠之全部或部分登記事項。"
        }
      ]
}