{
  "prohibited_physiological_claims": {
    "title": "化妝品涉及影響生理機能或改變身體結構之詞句",
    "categories": [
      {
        "id": "化妝品涉及影響生理機能或改變身體結構之詞句-毛髮相關",
        "category": "毛髮相關",
        "prohibited_terms": [
          "活化毛囊",
          "刺激毛囊細胞",
          "增加毛囊角質細胞增生",
          "刺激毛囊讓髮絲再次生長不易落脫",
          "刺激毛囊不萎縮",
          "堅固毛囊刺激新生秀髮",
          "頭頂不再光禿禿",
          "頭頂不再光溜溜",
          "避免稀疏",
          "避免髮量稀少問題",
          "有效預防落髮/抑制落髮/減少落髮",
          "有效預防掉髮/抑制掉髮/減少掉髮"
        ]
      },
      {
        "id": "化妝品涉及影響生理機能或改變身體結構之詞句-免疫系統",
        "category": "免疫系統",
        "prohibited_terms": [
          "增強(增加)自體免疫力",
          "增強淋巴引流"
        ]
      },
      {
        "id": "化妝品涉及影響生理機能或改變身體結構之詞句-細胞功能",
        "category": "細胞功能",
        "prohibited_terms": [
          "促進細胞活動",
          "深入細胞膜作用",
          "減弱角化細胞",
          "刺激細胞呼吸作用",
          "提高肌膚細胞帶氧率",
          "進入甲母細胞和甲床深度滋潤",
          "刺激增長新的健康細胞",
          "增加細胞新陳代謝"
        ]
      },
      {
        "id": "化妝品涉及影響生理機能或改變身體結構之詞句-皮膚結構",
        "category": "皮膚結構",
        "prohibited_terms": [
          "促進肌膚神經醯胺合成",
          "維持上皮組織機能的運作",
          "重建皮脂膜",
          "重建角質層",
          "促進(刺激)膠原蛋白合成",
          "促進(刺激)膠原蛋白增生"
        ]
      },
      {
        "id": "化妝品涉及影響生理機能或改變身體結構之詞句-體態塑形",
        "category": "體態塑形",
        "prohibited_terms": [
          "瘦身",
          "減肥",
          "去脂",
          "減脂",
          "消脂",
          "燃燒脂肪",
          "減緩臀部肥油囤積",
          "預防脂肪細胞堆積",
          "刺激脂肪分解酵素",
          "纖(孅)體",
          "塑身",
          "雕塑曲線",
          "消除掰掰肉",
          "消除蝴蝶袖",
          "告別小腹婆",
          "減少橘皮組織"
        ]
      },
      {
        "id": "化妝品涉及影響生理機能或改變身體結構之詞句-胸部相關",
        "category": "胸部相關",
        "prohibited_terms": [
          "豐胸",
          "隆乳",
          "使胸部堅挺不下垂",
          "感受托高集中的驚人效果",
          "漂白",
          "使乳暈漂成粉紅色"
        ]
      },
      {
        "id": "化妝品涉及影響生理機能或改變身體結構之詞句-醫療用語",
        "category": "醫療用語",
        "prohibited_terms": [
          "不過敏",
          "零過敏",
          "減過敏",
          "抗過敏",
          "舒緩過敏",
          "修護過敏",
          "過敏測試",
          "醫藥級",
          "鎮靜劑",
          "鎮定劑",
          "消除浮腫",
          "改善微血管循環",
          "功能強化微血管",
          "增加血管含氧量提高肌膚帶氧率"
        ]
      },
      {
        "id": "化妝品涉及影響生理機能或改變身體結構之詞句-妊娠相關",
        "category": "妊娠相關",
        "prohibited_terms": [
          "預防(防止)肥胖紋",
          "預防(防止)妊娠紋",
          "緩減妊娠紋生產"
        ]
      }
    ],
    "metadata": {
      "total_terms": 34,
      "purpose": "規範產品廣告不得宣稱影響生理機能或改變身體結構",
      "regulatory_focus": [
        "生理功能影響",
        "身體結構改變",
        "醫療效果宣稱",
        "美容效果誇大"
      ]
    }
  }
}