{
  "title": "中藥成藥不適當共通性廣告詞句",
  "source": "中醫藥司之中藥成藥效能、適應症語意解析及中藥廣告違規態樣釋例彙編",
  "categories": [
    {
      "category": "誇張藥物安全性",
      "examples": [
        {
          "ID": "中醫藥司之中藥成藥效能、適應症語意解析及中藥廣告違規態樣釋例彙編-項次1",
          "ad_content": "完全無副作用",
          "violation_type": "誇張藥物安全性"
        },
        {
          "ID": "中醫藥司之中藥成藥效能、適應症語意解析及中藥廣告違規態樣釋例彙編-項次2",
          "ad_content": "人畜無害",
          "violation_type": "誇張藥物安全性"
        },
        {
          "ID": "中醫藥司之中藥成藥效能、適應症語意解析及中藥廣告違規態樣釋例彙編-項次3",
          "ad_content": "安全使用",
          "violation_type": "誇張藥物安全性"
        },
        {
          "ID": "中醫藥司之中藥成藥效能、適應症語意解析及中藥廣告違規態樣釋例彙編-項次4",
          "ad_content": "絕對可以保證",
          "violation_type": "誇張藥物安全性"
        },
        {
          "ID": "中醫藥司之中藥成藥效能、適應症語意解析及中藥廣告違規態樣釋例彙編-項次5",
          "ad_content": "最安全",
          "violation_type": "誇張藥物安全性"
        },
        {
          "ID": "中醫藥司之中藥成藥效能、適應症語意解析及中藥廣告違規態樣釋例彙編-項次6",
          "ad_content": "對無副作用",
          "violation_type": "誇張藥物安全性"
        },
        {
          "ID": "中醫藥司之中藥成藥效能、適應症語意解析及中藥廣告違規態樣釋例彙編-項次7",
          "ad_content": "無過敏性及毒性",
          "violation_type": "誇張藥物安全性"
        },
        {
          "ID": "中醫藥司之中藥成藥效能、適應症語意解析及中藥廣告違規態樣釋例彙編-項次8",
          "ad_content": "徹底安全",
          "violation_type": "誇張藥物安全性"
        },
        {
          "ID": "中醫藥司之中藥成藥效能、適應症語意解析及中藥廣告違規態樣釋例彙編-項次9",
          "ad_content": "安心的交給",
          "violation_type": "誇張藥物安全性"
        }
      ]
    },
    {
      "category": "誇張藥物效能",
      "examples": [
        {
          "ID": "中醫藥司之中藥成藥效能、適應症語意解析及中藥廣告違規態樣釋例彙編-項次10",
          "ad_content": "根治",
          "violation_type": "誇張藥物效能"
        },
        {
          "ID": "中醫藥司之中藥成藥效能、適應症語意解析及中藥廣告違規態樣釋例彙編-項次11",
          "ad_content": "完全預防",
          "violation_type": "誇張藥物效能"
        },
        {
          "ID": "中醫藥司之中藥成藥效能、適應症語意解析及中藥廣告違規態樣釋例彙編-項次12",
          "ad_content": "徹底消除",
          "violation_type": "誇張藥物效能"
        },
        {
          "ID": "中醫藥司之中藥成藥效能、適應症語意解析及中藥廣告違規態樣釋例彙編-項次13",
          "ad_content": "最佳",
          "violation_type": "誇張藥物效能"
        },
        {
          "ID": "中醫藥司之中藥成藥效能、適應症語意解析及中藥廣告違規態樣釋例彙編-項次14",
          "ad_content": "效果真好",
          "violation_type": "誇張藥物效能"
        },
        {
          "ID": "中醫藥司之中藥成藥效能、適應症語意解析及中藥廣告違規態樣釋例彙編-項次15",
          "ad_content": "根本治療",
          "violation_type": "誇張藥物效能"
        },
        {
          "ID": "中醫藥司之中藥成藥效能、適應症語意解析及中藥廣告違規態樣釋例彙編-項次16",
          "ad_content": "唯一",
          "violation_type": "誇張藥物效能"
        },
        {
          "ID": "中醫藥司之中藥成藥效能、適應症語意解析及中藥廣告違規態樣釋例彙編-項次17",
          "ad_content": "最理想的",
          "violation_type": "誇張藥物效能"
        },
        {
          "ID": "中醫藥司之中藥成藥效能、適應症語意解析及中藥廣告違規態樣釋例彙編-項次18",
          "ad_content": "更佳",
          "violation_type": "誇張藥物效能"
        },
        {
          "ID": "中醫藥司之中藥成藥效能、適應症語意解析及中藥廣告違規態樣釋例彙編-項次19",
          "ad_content": "最佳",
          "violation_type": "誇張藥物效能"
        },
        {
          "ID": "中醫藥司之中藥成藥效能、適應症語意解析及中藥廣告違規態樣釋例彙編-項次20",
          "ad_content": "獨創特的",
          "violation_type": "誇張藥物效能"
        },
        {
          "ID": "中醫藥司之中藥成藥效能、適應症語意解析及中藥廣告違規態樣釋例彙編-項次21",
          "ad_content": "最常用",
          "violation_type": "誇張藥物效能"
        },
        {
          "ID": "中醫藥司之中藥成藥效能、適應症語意解析及中藥廣告違規態樣釋例彙編-項次22",
          "ad_content": "最適用於此",
          "violation_type": "誇張藥物效能"
        },
        {
          "ID": "中醫藥司之中藥成藥效能、適應症語意解析及中藥廣告違規態樣釋例彙編-項次23",
          "ad_content": "首創唯一",
          "violation_type": "誇張藥物效能"
        },
        {
          "ID": "中醫藥司之中藥成藥效能、適應症語意解析及中藥廣告違規態樣釋例彙編-項次24",
          "ad_content": "世界風行",
          "violation_type": "誇張藥物效能"
        },
        {
          "ID": "中醫藥司之中藥成藥效能、適應症語意解析及中藥廣告違規態樣釋例彙編-項次25",
          "ad_content": "風行全球",
          "violation_type": "誇張藥物效能"
        },
        {
          "ID": "中醫藥司之中藥成藥效能、適應症語意解析及中藥廣告違規態樣釋例彙編-項次26",
          "ad_content": "比市面上同類藥物好",
          "violation_type": "誇張藥物效能"
        }
      ]
    },
    {
      "category": "誇張藥物效力快速",
      "examples": [
        {
          "ID": "中醫藥司之中藥成藥效能、適應症語意解析及中藥廣告違規態樣釋例彙編-項次27",
          "ad_content": "三分鐘奏效",
          "violation_type": "誇張藥物效力快速"
        },
        {
          "ID": "中醫藥司之中藥成藥效能、適應症語意解析及中藥廣告違規態樣釋例彙編-項次28",
          "ad_content": "立即見效",
          "violation_type": "誇張藥物效力快速"
        },
        {
          "ID": "中醫藥司之中藥成藥效能、適應症語意解析及中藥廣告違規態樣釋例彙編-項次29",
          "ad_content": "藥到病除",
          "violation_type": "誇張藥物效力快速"
        },
        {
          "ID": "中醫藥司之中藥成藥效能、適應症語意解析及中藥廣告違規態樣釋例彙編-項次30",
          "ad_content": "迅速",
          "violation_type": "誇張藥物效力快速"
        },
        {
          "ID": "中醫藥司之中藥成藥效能、適應症語意解析及中藥廣告違規態樣釋例彙編-項次31",
          "ad_content": "非常特別",
          "violation_type": "誇張藥物效力快速"
        },
        {
          "ID": "中醫藥司之中藥成藥效能、適應症語意解析及中藥廣告違規態樣釋例彙編-項次32",
          "ad_content": "特效",
          "violation_type": "誇張藥物效力快速"
        },
        {
          "ID": "中醫藥司之中藥成藥效能、適應症語意解析及中藥廣告違規態樣釋例彙編-項次33",
          "ad_content": "速效",
          "violation_type": "誇張藥物效力快速"
        },
        {
          "ID": "中醫藥司之中藥成藥效能、適應症語意解析及中藥廣告違規態樣釋例彙編-項次34",
          "ad_content": "幾分鐘OK",
          "violation_type": "誇張藥物效力快速"
        },
        {
          "ID": "中醫藥司之中藥成藥效能、適應症語意解析及中藥廣告違規態樣釋例彙編-項次35",
          "ad_content": "瞬間馬上舒解",
          "violation_type": "誇張藥物效力快速"
        }
      ]
    },
    {
      "category": "誇張藥物製法",
      "examples": [
        {
          "ID": "中醫藥司之中藥成藥效能、適應症語意解析及中藥廣告違規態樣釋例彙編-項次36",
          "ad_content": "最高技術",
          "violation_type": "誇張藥物製法"
        },
        {
          "ID": "中醫藥司之中藥成藥效能、適應症語意解析及中藥廣告違規態樣釋例彙編-項次37",
          "ad_content": "最進步製法",
          "violation_type": "誇張藥物製法"
        },
        {
          "ID": "中醫藥司之中藥成藥效能、適應症語意解析及中藥廣告違規態樣釋例彙編-項次38",
          "ad_content": "最新科學",
          "violation_type": "誇張藥物製法"
        },
        {
          "ID": "中醫藥司之中藥成藥效能、適應症語意解析及中藥廣告違規態樣釋例彙編-項次39",
          "ad_content": "經特殊科技",
          "violation_type": "誇張藥物製法"
        },
        {
          "ID": "中醫藥司之中藥成藥效能、適應症語意解析及中藥廣告違規態樣釋例彙編-項次40",
          "ad_content": "最新奈米技術",
          "violation_type": "誇張藥物製法"
        }
      ]
    },
    {
      "category": "保證藥物效能",
      "examples": [
        {
          "ID": "中醫藥司之中藥成藥效能、適應症語意解析及中藥廣告違規態樣釋例彙編-項次41",
          "ad_content": "絕可具保單",
          "violation_type": "保證藥物效能"
        },
        {
          "ID": "中醫藥司之中藥成藥效能、適應症語意解析及中藥廣告違規態樣釋例彙編-項次42",
          "ad_content": "無效退款",
          "violation_type": "保證藥物效能"
        },
        {
          "ID": "中醫藥司之中藥成藥效能、適應症語意解析及中藥廣告違規態樣釋例彙編-項次43",
          "ad_content": "效果保證",
          "violation_type": "保證藥物效能"
        },
        {
          "ID": "中醫藥司之中藥成藥效能、適應症語意解析及中藥廣告違規態樣釋例彙編-項次44",
          "ad_content": "百分之百",
          "violation_type": "保證藥物效能"
        },
        {
          "ID": "中醫藥司之中藥成藥效能、適應症語意解析及中藥廣告違規態樣釋例彙編-項次45",
          "ad_content": "比一般傳統的更優異",
          "violation_type": "保證藥物效能"
        }
      ]
    },
    {
      "category": "借由他人名義為宣傳者",
      "examples": [
        {
          "ID": "中醫藥司之中藥成藥效能、適應症語意解析及中藥廣告違規態樣釋例彙編-項次46",
          "ad_content": "專家或醫師等專業醫事人員推薦背書",
          "violation_type": "借由他人名義為宣傳者"
        },
        {
          "ID": "中醫藥司之中藥成藥效能、適應症語意解析及中藥廣告違規態樣釋例彙編-項次47",
          "ad_content": "病人推薦背書",
          "violation_type": "借由他人名義為宣傳者"
        },
        {
          "ID": "中醫藥司之中藥成藥效能、適應症語意解析及中藥廣告違規態樣釋例彙編-項次48",
          "ad_content": "名人推薦背書",
          "violation_type": "借由他人名義為宣傳者"
        }
      ]
    },
    {
      "category": "藉採訪或報導為宣傳",
      "examples": [
        {
          "ID": "中醫藥司之中藥成藥效能、適應症語意解析及中藥廣告違規態樣釋例彙編-項次49",
          "ad_content": "根據報導發現",
          "violation_type": "藉採訪或報導為宣傳"
        }
      ]
    },
    {
      "category": "利用書刊資料保證其效能性能",
      "examples": [
        {
          "ID": "中醫藥司之中藥成藥效能、適應症語意解析及中藥廣告違規態樣釋例彙編-項次50",
          "ad_content": "經學者多方研究",
          "violation_type": "利用書刊資料保證其效能性能"
        },
        {
          "ID": "中醫藥司之中藥成藥效能、適應症語意解析及中藥廣告違規態樣釋例彙編-項次51",
          "ad_content": "並經證明以動物實驗研究",
          "violation_type": "利用書刊資料保證其效能性能"
        },
        {
          "ID": "中醫藥司之中藥成藥效能、適應症語意解析及中藥廣告違規態樣釋例彙編-項次52",
          "ad_content": "確認有",
          "violation_type": "利用書刊資料保證其效能性能"
        }
      ]
    },
    {
      "category": "故作危言列舉病名症狀或以痛苦不堪之情態而使視聽者精神不安或發生恐怖",
      "examples": [
        {
          "ID": "中醫藥司之中藥成藥效能、適應症語意解析及中藥廣告違規態樣釋例彙編-項次53",
          "ad_content": "你有這種現象嗎",
          "violation_type": "故作危言列舉病名症狀或以痛苦不堪之情態而使視聽者精神不安或發生恐怖"
        },
        {
          "ID": "中醫藥司之中藥成藥效能、適應症語意解析及中藥廣告違規態樣釋例彙編-項次54",
          "ad_content": "你有某種病某病不服某種藥之嚴重後果發生某種可怕之情形或死亡",
          "violation_type": "故作危言列舉病名症狀或以痛苦不堪之情態而使視聽者精神不安或發生恐怖"
        }
      ]
    }
  ],
  "metadata": {
    "document_type": "廣告規範指引",
    "language": "zh-TW",
    "purpose": "中藥成藥廣告違規用語參考"
  }
}