{
  "inappropriate_tcm_ads": {
    "title": "中藥成藥不適當共通性廣告詞句",
    "source": {
      "reference": "中醫藥司之中藥成藥效能、適應症語意解析及中藥廣告違規態樣釋例彙編",
      "page": "227-228"
    },
    "violation_categories": [
      {
        "id": "safety_exaggeration",
        "category": "誇張藥物安全性",
        "prohibited_terms": [
          "完全無副作用",
          "人畜無害",
          "安全使用",
          "安全可以保證",
          "最安全",
          "絕對無副作用",
          "無過敏性及毒性",
          "徹底安全",
          "安心的交給..."
        ]
      },
      {
        "id": "efficacy_exaggeration",
        "category": "誇張藥物效能",
        "prohibited_terms": [
          "根治",
          "完全預防",
          "徹底消除",
          "最佳",
          "效果真好",
          "根本治療",
          "唯一",
          "最理想的",
          "更佳/最佳",
          "獨創/特的",
          "最常用",
          "最適用於此",
          "首創唯一",
          "世界風行",
          "風行全球",
          "比市面上同類藥物好"
        ]
      },
      {
        "id": "speed_exaggeration",
        "category": "誇張藥物效力快速",
        "prohibited_terms": [
          "三分鐘奏效",
          "立即見效",
          "藥到病除",
          "迅速",
          "非常/特別",
          "特效",
          "速效",
          "幾分鐘OK",
          "瞬間/馬上舒解"
        ]
      },
      {
        "id": "manufacturing_exaggeration",
        "category": "誇張藥物製法",
        "prohibited_terms": [
          "最高技術",
          "最進步製法",
          "最新科學",
          "經特殊科技",
          "最新奈米技術"
        ]
      },
      {
        "id": "guarantee_claims",
        "category": "保證藥物效能",
        "prohibited_terms": [
          "可具保單",
          "無效退款",
          "效果絕對保證",
          "百分之百",
          "比一般傳統的OO更優異"
        ]
      },
      {
        "id": "third_party_endorsement",
        "category": "借由他人名義為宣傳者",
        "prohibited_terms": [
          "專家或醫師等專業醫事人員推薦",
          "病人推薦",
          "名人推薦OO背書",
          "掛保證"
        ]
      },
      {
        "id": "media_claims",
        "category": "藉採訪或報導為宣傳",
        "prohibited_terms": [
          "根據報導發現..."
        ]
      },
      {
        "id": "research_claims",
        "category": "利用書刊資料保證其效能、性能",
        "prohibited_terms": [
          "經學者多方研究",
          "並經證明以動物實驗研究",
          "確認有..."
        ]
      },
      {
        "id": "fear_tactics",
        "category": "故作危言列舉病名、症狀或以痛苦不堪之情態",
        "prohibited_terms": [
          "你有這種現象嗎？",
          "你有某種病某病不服某種藥之嚴重後果",
          "發生某種可怕之情形",
          "死亡"
        ],
        "description": "使視聽者精神不安或發生恐怖的表述方式"
      }
    ],
    "metadata": {
      "total_categories": 9,
      "purpose": "規範中藥成藥廣告用語",
      "regulatory_focus": [
        "廣告誇大",
        "安全性宣稱",
        "效能宣稱",
        "製程宣稱",
        "保證效果",
        "背書推薦"
      ]
    }
  }
}