{
  "health_food_violations": {
    "title": "衛生福利部暨臺北市政府衛生局健康食品廣告例句83",
    "total_cases": 83,
    "cases": [
      {
        "ID": "衛生福利部暨臺北市政府衛生局健康食品廣告例句83-項次1",
        "ad_content": "有清血防栓成份",
        "violation_type": "超出調節血脂之保健功效許可範圍"
      },
      {
        "ID": "衛生福利部暨臺北市政府衛生局健康食品廣告例句83-項次2",
        "ad_content": "預防及減輕高血脂症、血栓病",
        "violation_type": "超出調節血脂之保健功效許可範圍"
      },
      {
        "ID": "衛生福利部暨臺北市政府衛生局健康食品廣告例句83-項次3",
        "ad_content": "能乳化及清理體內膽固醇和三酸甘油脂。長期服用，可降低體內膽固醇及脂肪，防止血管硬化。",
        "violation_type": "超出調節血脂之保健功效許可範圍"
      },
      {
        "ID": "衛生福利部暨臺北市政府衛生局健康食品廣告例句83-項次4",
        "ad_content": "紅酒單寧酸物質存在於葡萄中之天然抗氧化物質，可防止血液中壞的膽固醇氧化",
        "violation_type": "超出調節血脂之保健功效許可範圍"
      },
      {
        "ID": "衛生福利部暨臺北市政府衛生局健康食品廣告例句83-項次5",
        "ad_content": "含OMEGA 3，有助於降低膽固醇之作用，可預防心臟血管疾病",
        "violation_type": "超出調節血脂之保健功效許可範圍"
      },
      {
        "ID": "衛生福利部暨臺北市政府衛生局健康食品廣告例句83-項次6",
        "ad_content": "可降低膽固醇、促進心臟及循環系統順暢",
        "violation_type": "超出調節血脂之保健功效許可範圍"
      },
      {
        "ID": "衛生福利部暨臺北市政府衛生局健康食品廣告例句83-項次7",
        "ad_content": "能有效降低膽固醇，和預防冠狀動脈心臟病、減少動脈硬化的機率",
        "violation_type": "超出調節血脂之保健功效許可範圍"
      },
      {
        "ID": "衛生福利部暨臺北市政府衛生局健康食品廣告例句83-項次8",
        "ad_content": "降膽固醇、淨血、促血液循環、清血",
        "violation_type": "超出調節血脂之保健功效許可範圍"
      },
      {
        "ID": "衛生福利部暨臺北市政府衛生局健康食品廣告例句83-項次9",
        "ad_content": "治療高血脂症，可使總膽固醇、甘油三脂下降，高密度脂蛋白上升",
        "violation_type": "超出調節血脂之保健功效許可範圍"
      },
      {
        "ID": "衛生福利部暨臺北市政府衛生局健康食品廣告例句83-項次10",
        "ad_content": "可幫助維持血液循環...降低動脈硬化指數。",
        "violation_type": "超出調節血脂之保健功效許可範圍"
      },
      {
        "ID": "衛生福利部暨臺北市政府衛生局健康食品廣告例句83-項次11",
        "ad_content": "抑制膽固醇形成的因子",
        "violation_type": "超出調節血脂之保健功效許可範圍"
      },
      {
        "ID": "衛生福利部暨臺北市政府衛生局健康食品廣告例句83-項次12",
        "ad_content": "改善血濁、清血",
        "violation_type": "超出調節血脂之保健功效許可範圍"
      },
      {
        "ID": "衛生福利部暨臺北市政府衛生局健康食品廣告例句83-項次13",
        "ad_content": "品名諧音清脂及標示上有人體上半身佈滿血管及心臟等器官之圖案",
        "violation_type": "超出調節血脂之保健功效許可範圍"
      },
      {
        "ID": "衛生福利部暨臺北市政府衛生局健康食品廣告例句83-項次14",
        "ad_content": "具淨血作用...促進血液循環",
        "violation_type": "超出調節血脂之保健功效許可範圍"
      },
      {
        "ID": "衛生福利部暨臺北市政府衛生局健康食品廣告例句83-項次15",
        "ad_content": "蒟蒻可平衡體內的膽固醇含量",
        "violation_type": "超出調節血脂之保健功效許可範圍"
      },
      {
        "ID": "衛生福利部暨臺北市政府衛生局健康食品廣告例句83-項次16",
        "ad_content": "促進乳酸菌復活、活化腸道細菌",
        "violation_type": "超出胃腸功能改善之保健功效許可範圍"
      },
      {
        "ID": "衛生福利部暨臺北市政府衛生局健康食品廣告例句83-項次17",
        "ad_content": "可增加腸內有益菌叢的數量...促進腸內有益菌的繁殖",
        "violation_type": "超出胃腸功能改善之保健功效許可範圍"
      },
      {
        "ID": "衛生福利部暨臺北市政府衛生局健康食品廣告例句83-項次18",
        "ad_content": "讓寶寶體內的比非得氏菌大幅增加，使腸道中益菌增殖害菌減少",
        "violation_type": "超出胃腸功能改善之保健功效許可範圍"
      },
      {
        "ID": "衛生福利部暨臺北市政府衛生局健康食品廣告例句83-項次19",
        "ad_content": "可有效活化比菲德氏菌，攝取幾天後腸內菌增加10-100倍",
        "violation_type": "超出胃腸功能改善之保健功效許可範圍"
      },
      {
        "ID": "衛生福利部暨臺北市政府衛生局健康食品廣告例句83-項次20",
        "ad_content": "XXX OLIGO產品宣稱為健康食品及「BIFIDUS是最佳有益菌，OLIGO促進BIFIDUS繁殖」",
        "violation_type": "超出胃腸功能改善之保健功效許可範圍"
      },
      {
        "ID": "衛生福利部暨臺北市政府衛生局健康食品廣告例句83-項次21",
        "ad_content": "由於飲食、壓力及與周遭不清潔環境接觸等各項因素，而造成人體腸內有益細菌與害菌的存活比例不平衡。當腸內有益菌叢減少時會造成體內抵抗力降低，於是如便秘、消化不良及腸道所衍生出的問題就會逐漸產生。因此，增加有益菌在腸胃內的存活率是每日最佳的健康維持之道。XXX乳酸菌含綜合性腸內有益乳酸菌及最新科技凝膠球比菲德氏菌，可增加腸內有益菌叢的數量，並含有維生素C，乳清蛋白及oligo寡糖，提供體內的維生素需益及促進腸內有益菌的繁殖",
        "violation_type": "超出胃腸功能改善之保健功效許可範圍"
      },
      {
        "ID": "衛生福利部暨臺北市政府衛生局健康食品廣告例句83-項次22",
        "ad_content": "有效抑制腸道有害菌繁殖",
        "violation_type": "超出胃腸功能改善之保健功效許可範圍"
      },
      {
        "ID": "衛生福利部暨臺北市政府衛生局健康食品廣告例句83-項次23",
        "ad_content": "抑制腐敗菌繁殖",
        "violation_type": "超出胃腸功能改善之保健功效許可範圍"
      },
      {
        "ID": "衛生福利部暨臺北市政府衛生局健康食品廣告例句83-項次24",
        "ad_content": "阻斷病原菌的繁殖",
        "violation_type": "超出胃腸功能改善之保健功效許可範圍"
      },
      {
        "ID": "衛生福利部暨臺北市政府衛生局健康食品廣告例句83-項次25",
        "ad_content": "分泌的瑞特素能幫助益菌繁殖，抑制害菌生長",
        "violation_type": "超出胃腸功能改善之保健功效許可範圍"
      },
      {
        "ID": "衛生福利部暨臺北市政府衛生局健康食品廣告例句83-項次26",
        "ad_content": "乳酸菌...其產生的乳酸、醋酸、過氧化氫等抗菌物質，可有效抑制腸內腐敗菌的生長",
        "violation_type": "超出胃腸功能改善之保健功效許可範圍"
      },
      {
        "ID": "衛生福利部暨臺北市政府衛生局健康食品廣告例句83-項次27",
        "ad_content": "特別添加維持幼兒腸道健康的人體免疫腸道菌...對幼兒能有提升消化及吸收功能，並可維持幼兒體內有益菌多於有害菌數，因而能夠使幼兒體內的好菌更活潑的繁殖且在體內充分發揮作用",
        "violation_type": "超出胃腸功能改善之保健功效許可範圍"
      },
      {
        "ID": "衛生福利部暨臺北市政府衛生局健康食品廣告例句83-項次28",
        "ad_content": "健胃整腸",
        "violation_type": "超出胃腸功能改善之保健功效許可範圍"
      },
      {
        "ID": "衛生福利部暨臺北市政府衛生局健康食品廣告例句83-項次29",
        "ad_content": "標示應用範圍腸內異常醱酵、便祕、消化不良、整腸",
        "violation_type": "超出胃腸功能改善之保健功效許可範圍"
      },
      {
        "ID": "衛生福利部暨臺北市政府衛生局健康食品廣告例句83-項次30",
        "ad_content": "宣稱為健康食品並具有調整胃，小腸，大腸三合一效果",
        "violation_type": "超出胃腸功能改善之保健功效許可範圍"
      },
      {
        "ID": "衛生福利部暨臺北市政府衛生局健康食品廣告例句83-項次31",
        "ad_content": "將腸內有害細菌一起排除",
        "violation_type": "超出胃腸功能改善之保健功效許可範圍"
      },
      {
        "ID": "衛生福利部暨臺北市政府衛生局健康食品廣告例句83-項次32",
        "ad_content": "整腸、防腸胃問題",
        "violation_type": "超出胃腸功能改善之保健功效許可範圍"
      },
      {
        "ID": "衛生福利部暨臺北市政府衛生局健康食品廣告例句83-項次33",
        "ad_content": "幫助腸內有益菌的增生",
        "violation_type": "超出胃腸功能改善之保健功效許可範圍"
      },
      {
        "ID": "衛生福利部暨臺北市政府衛生局健康食品廣告例句83-項次34",
        "ad_content": "增加體內的好菌數量，幫助孩子增加抵抗力",
        "violation_type": "超出胃腸功能改善之保健功效許可範圍"
      },
      {
        "ID": "衛生福利部暨臺北市政府衛生局健康食品廣告例句83-項次35",
        "ad_content": "預存骨本",
        "violation_type": "超出骨質保健功能之保健功效許可範圍"
      },
      {
        "ID": "衛生福利部暨臺北市政府衛生局健康食品廣告例句83-項次36",
        "ad_content": "增加骨密",
        "violation_type": "超出骨質保健功能之保健功效許可範圍"
      },
      {
        "ID": "衛生福利部暨臺北市政府衛生局健康食品廣告例句83-項次37",
        "ad_content": "保骨本...中老年後骨質密度才結實，優酪奶粉更使鈣的吸收性更佳",
        "violation_type": "超出骨質保健功能之保健功效許可範圍"
      },
      {
        "ID": "衛生福利部暨臺北市政府衛生局健康食品廣告例句83-項次38",
        "ad_content": "抑制骨質中鈣質之流失，預防骨質疏鬆症",
        "violation_type": "超出骨質保健功能之保健功效許可範圍"
      },
      {
        "ID": "衛生福利部暨臺北市政府衛生局健康食品廣告例句83-項次39",
        "ad_content": "具有幫助減緩骨質流失、增加骨骼中鈣的含量與密度",
        "violation_type": "超出骨質保健功能之保健功效許可範圍"
      },
      {
        "ID": "衛生福利部暨臺北市政府衛生局健康食品廣告例句83-項次40",
        "ad_content": "增加自己的骨本",
        "violation_type": "超出骨質保健功能之保健功效許可範圍"
      },
      {
        "ID": "衛生福利部暨臺北市政府衛生局健康食品廣告例句83-項次41",
        "ad_content": "預防骨質疏鬆症及骨折",
        "violation_type": "超出骨質保健功能之保健功效許可範圍"
      },
      {
        "ID": "衛生福利部暨臺北市政府衛生局健康食品廣告例句83-項次42",
        "ad_content": "骨鈣流失之治療及修補",
        "violation_type": "超出骨質保健功能之保健功效許可範圍"
      },
      {
        "ID": "衛生福利部暨臺北市政府衛生局健康食品廣告例句83-項次43",
        "ad_content": "XXX含維他命C可以提高免疫力",
        "violation_type": "超出免疫調節機能之保健功效許可範圍"
      },
      {
        "ID": "衛生福利部暨臺北市政府衛生局健康食品廣告例句83-項次44",
        "ad_content": "XXX在增強身體免疫能力及調養體內功能正常的功效早已認識。",
        "violation_type": "超出免疫調節機能之保健功效許可範圍"
      },
      {
        "ID": "衛生福利部暨臺北市政府衛生局健康食品廣告例句83-項次45",
        "ad_content": "加強免疫氣血循環、提昇免疫、增強免疫",
        "violation_type": "超出免疫調節機能之保健功效許可範圍"
      },
      {
        "ID": "衛生福利部暨臺北市政府衛生局健康食品廣告例句83-項次46",
        "ad_content": "添加...β-胡蘿蔔素—可以提高寶寶的免疫力",
        "violation_type": "超出免疫調節機能之保健功效許可範圍"
      },
      {
        "ID": "衛生福利部暨臺北市政府衛生局健康食品廣告例句83-項次47",
        "ad_content": "免疫增強作用",
        "violation_type": "超出免疫調節機能之保健功效許可範圍"
      },
      {
        "ID": "衛生福利部暨臺北市政府衛生局健康食品廣告例句83-項次48",
        "ad_content": "可維持細胞內的GSH含量，支持人體的免疫反應，同時並述及GSH能提高免疫力、維持體內免疫系統的正常活化",
        "violation_type": "超出免疫調節機能之保健功效許可範圍"
      },
      {
        "ID": "衛生福利部暨臺北市政府衛生局健康食品廣告例句83-項次49",
        "ad_content": "促進免疫系統的發展",
        "violation_type": "超出免疫調節機能之保健功效許可範圍"
      },
      {
        "ID": "衛生福利部暨臺北市政府衛生局健康食品廣告例句83-項次50",
        "ad_content": "為最佳強化免疫力之強力天然免疫物質....活化免疫細胞...凡因免疫功能衰退所引起的各種病症...皆有出奇的效果",
        "violation_type": "超出免疫調節機能之保健功效許可範圍"
      },
      {
        "ID": "衛生福利部暨臺北市政府衛生局健康食品廣告例句83-項次51",
        "ad_content": "XXX為唯一通過美國FDA.檢定為每天可服用的安全健康食品，並稱高境界免疫乳漿蛋白具有增進體液免疫反應，增強人體免疫機能之功效",
        "violation_type": "超出免疫調節機能之保健功效許可範圍"
      },
      {
        "ID": "衛生福利部暨臺北市政府衛生局健康食品廣告例句83-項次52",
        "ad_content": "含有3種能提高人體免疫力的醣蛋白、天然抗生素及抗癌成分、干擾素等物質等",
        "violation_type": "超出免疫調節機能之保健功效許可範圍"
      },
      {
        "ID": "衛生福利部暨臺北市政府衛生局健康食品廣告例句83-項次53",
        "ad_content": "本產品經中國大陸保健食品批准第食健字：（1997）第5xx號保健功效",
        "violation_type": "超出免疫調節機能、調節血脂之保健功效許可範圍"
      },
      {
        "ID": "衛生福利部暨臺北市政府衛生局健康食品廣告例句83-項次54",
        "ad_content": "糖尿病完全根治",
        "violation_type": "超出調節血糖之保健功效許可範圍"
      },
      {
        "ID": "衛生福利部暨臺北市政府衛生局健康食品廣告例句83-項次55",
        "ad_content": "品名諧音「保血清」",
        "violation_type": "超出調節血脂之保健功效許可範圍"
      },
      {
        "ID": "衛生福利部暨臺北市政府衛生局健康食品廣告例句83-項次56",
        "ad_content": "許可之健康食品宣稱完全無任何肝、腎副作用",
        "violation_type": "涉及誇大、易生誤解"
      },
      {
        "ID": "衛生福利部暨臺北市政府衛生局健康食品廣告例句83-項次57",
        "ad_content": "減少蛀牙菌、減少牙菌斑堆積",
        "violation_type": "超出牙齒保健之保健功效許可範圍"
      },
      {
        "ID": "衛生福利部暨臺北市政府衛生局健康食品廣告例句83-項次58",
        "ad_content": "可預防心血管疾病、提升細胞自癒力、免疫功能",
        "violation_type": "超出調節血脂及免疫調節機能之保健功效許可範圍"
      },
      {
        "ID": "衛生福利部暨臺北市政府衛生局健康食品廣告例句83-項次59",
        "ad_content": "骨質疏鬆症的福音...修補骨質之最佳營養食品",
        "violation_type": "超出骨質保健功能之保健功效許可範圍"
      },
      {
        "ID": "衛生福利部暨臺北市政府衛生局健康食品廣告例句83-項次60",
        "ad_content": "泡菜裡含有豐富有機纖維幫助腸內活動，降低膽固醇，所以對糖尿病、心臟疾患...有預防和降低效果",
        "violation_type": "超出調節血脂及調節血糖之保健功效許可範圍"
      },
      {
        "ID": "衛生福利部暨臺北市政府衛生局健康食品廣告例句83-項次61",
        "ad_content": "健胃整腸",
        "violation_type": "超出胃腸功能改善之保健功效許可範圍"
      },
      {
        "ID": "衛生福利部暨臺北市政府衛生局健康食品廣告例句83-項次62",
        "ad_content": "可活血、保肝、利尿、平喘及抗胃潰瘍，增強免疫功能、抗心律不整及血管粥狀硬化...",
        "violation_type": "超出護肝及免疫調節機能之保健功效許可範圍，並涉及醫療效能"
      },
      {
        "ID": "衛生福利部暨臺北市政府衛生局健康食品廣告例句83-項次63",
        "ad_content": "本署核准之健康食品，許可之保健功效：「1.可降低血液中總膽固醇。2.可降低血液中低密度脂蛋白膽固醇。3.可增加血液中高密度脂蛋白膽固醇」。廣告強調使用降膽固醇藥物之多項嚴重副作用，宣稱本資料僅供相關醫療人員參考用，及產品可「保護腦心血管」等",
        "violation_type": "超出調節血脂之保健功效許可範圍"
      },
      {
        "ID": "衛生福利部暨臺北市政府衛生局健康食品廣告例句83-項次64",
        "ad_content": "要減少發生腦心血管疾病的因子...要增加好膽固醇...能預防脂肪在血管壁的堆積，防止動脈硬化，此外，HDL有維護內皮細胞以及保護血管免於發生血拴的功能",
        "violation_type": "超出調節血脂之保健功效許可範圍"
      },
      {
        "ID": "衛生福利部暨臺北市政府衛生局健康食品廣告例句83-項次65",
        "ad_content": "本署核准之健康食品，許可之保健功效：「1.能通過胃酸及膽酸考驗，有助於增加腸內益生菌2.有助於降低胃幽門螺旋桿菌之數量」。廣告宣稱研究發現胃幽門螺旋桿菌是胃炎與消化性潰瘍的病因，台灣約每兩人就有一人感染此菌",
        "violation_type": "超出胃腸功能改善之保健功效許可範圍"
      },
      {
        "ID": "衛生福利部暨臺北市政府衛生局健康食品廣告例句83-項次66",
        "ad_content": "本署核准之健康食品，許可之保健功效：「根據動物試驗結果，對四氯化碳誘發大鼠肝臟損傷具有下列功效：1.可降低血清GOT、GPT值。2.可增加血清中白蛋白含量」。廣告宣稱人蔘是中西醫一致推崇的護肝補品，宣傳該產品為安全有效的護肝滋補品",
        "violation_type": "超出護肝功能之保健功效許可範圍"
      },
      {
        "ID": "衛生福利部暨臺北市政府衛生局健康食品廣告例句83-項次67",
        "ad_content": "要有效避免蛀牙的發生，保持刷牙，定期看牙醫及嚼○○口香糖的習慣是很重要的",
        "violation_type": "超出牙齒保健之保健功效許可範圍"
      },
      {
        "ID": "衛生福利部暨臺北市政府衛生局健康食品廣告例句83-項次68",
        "ad_content": "「小ㄈㄨˋbye-bye...因晶球的保護，讓好菌存活率增加700倍，幫助腸道健康更有效率...小ㄈㄨˋbye-bye...」，該廣告所述詞句「小ㄈㄨˋ」係「小腹」之諧音，並佐以多位身材苗條之女性，且有露腰、插腰之動作，影射該產品對改變身體外觀具有助益。",
        "violation_type": "超出胃腸功能改善之保健功效許可範圍"
      },
      {
        "ID": "衛生福利部暨臺北市政府衛生局健康食品廣告例句83-項次69",
        "ad_content": "最適合糖尿病友、預防糖尿病者安心食用...需控制血糖者",
        "violation_type": "超出調節血糖功能之保健功效許可範圍"
      },
      {
        "ID": "衛生福利部暨臺北市政府衛生局健康食品廣告例句83-項次70",
        "ad_content": "減肥、瘦身、減重",
        "violation_type": "超出不易形成體脂肪功能之保健功效許可範圍"
      },
      {
        "ID": "衛生福利部暨臺北市政府衛生局健康食品廣告例句83-項次71",
        "ad_content": "改善手冰、暈眩、腹痛等生理期不適情形",
        "violation_type": "超出促進鐵吸收功能之保健功效許可範圍"
      },
      {
        "ID": "衛生福利部暨臺北市政府衛生局健康食品廣告例句83-項次72",
        "ad_content": "抑制澱粉進入血液，穩定人體中的血糖值..糖尿病患者血糖下降13%，降低血糖值-Before：380、After:130",
        "violation_type": "超出調節血糖功能之保健功效許可範圍"
      },
      {
        "ID": "衛生福利部暨臺北市政府衛生局健康食品廣告例句83-項次73",
        "ad_content": "你所有的口渴、尿尿、這些眼睛看不見、肩頸僵硬、手腳麻痺的現象通通可以改善...",
        "violation_type": "超出調節血糖功能之保健功效許可範圍"
      },
      {
        "ID": "衛生福利部暨臺北市政府衛生局健康食品廣告例句83-項次74",
        "ad_content": "抑制血糖上升、降低血脂、調整腸道機能的作用...協助維持免疫功能...有助體重管理",
        "violation_type": "超出調節血糖功能之保健功效許可範圍"
      },
      {
        "ID": "衛生福利部暨臺北市政府衛生局健康食品廣告例句83-項次75",
        "ad_content": "吃完皮膚會變好，身材會變曼妙。自從吃了之後便秘的問題改善，皮膚也變的很好..熱量排出去，自然不容易發胖..1個月1盒一定有4公斤以上的感覺...激瘦人生..",
        "violation_type": "超出胃腸功能改善之保健功效許可範圍"
      },
      {
        "ID": "衛生福利部暨臺北市政府衛生局健康食品廣告例句83-項次76",
        "ad_content": "有咳嗽流鼻水.鼻塞..脫屑..濕疹..乾癬...脂溢性皮炎過敏性皮膚炎..異位性鼻炎..結膜炎..有效..",
        "violation_type": "超出輔助調整過敏體質功能之保健功效許可範圍"
      },
      {
        "ID": "衛生福利部暨臺北市政府衛生局健康食品廣告例句83-項次77",
        "ad_content": "溶解已形成之血栓...降低壞的膽固醇形成...避免中風...血管之清道夫...服藥無效達180mmHg的高血壓，吃納豆激酶一個月後，降低了40mmHg",
        "violation_type": "超出調節血脂功能之保健功效許可範圍"
      },
      {
        "ID": "衛生福利部暨臺北市政府衛生局健康食品廣告例句83-項次78",
        "ad_content": "蜆萃取物能有效修補肝臟細胞的損傷...預防動脈硬化的可能效應...能促進IL-10的生成，IL-10是醫學界公認的最佳抗發炎物質...口服實驗證明，具有顯著降低血管升縮壓功能...有助於增加身體對於老化疾病的防禦能力，包含自由基侵襲體內細胞...具有明顯的抑制腫瘤生長特性，引起一系列反應誘發人類血癌細胞凋亡...",
        "violation_type": "超出護肝功能（針對化學性肝損傷）之保健功效許可範圍"
      },
      {
        "ID": "衛生福利部暨臺北市政府衛生局健康食品廣告例句83-項次79",
        "ad_content": "寶貝肚肚順...天氣變化時也不易哈啾...○○益生菌對塵螨、環境所造成的過敏有幫助？無論是塵螨、花粉、氣溫、季節變化所引起過敏反應...",
        "violation_type": "超出輔助調整過敏體質功能之保健功效許可範圍"
      },
      {
        "ID": "衛生福利部暨臺北市政府衛生局健康食品廣告例句83-項次80",
        "ad_content": "對抗過敏疾病...預防腦、心血管疾病的發生...長期攝取兒茶素有抑制血壓上昇的功用。...降低腎臟病變的可能性...改善睡眠品質...兒茶素可以改善腸內菌叢，抑制和癌症及其他胃腸道疾病相關的腸道細菌，減少有害菌的數目，並可增加糞便中的有機酸，降低pH值及減少惡臭物質，改善糞便惡臭現象。同時又不傷害有益菌（如乳酸菌）的繁衍，所以有整腸的功能。...美容、減肥...適合服用",
        "violation_type": "超出免疫調節功能之保健功效許可範圍"
      },
      {
        "ID": "衛生福利部暨臺北市政府衛生局健康食品廣告例句83-項次81",
        "ad_content": "清血路排毒吃紅麴的6大好處...1.降膽固醇：紅麴菌所產生的莫那林可K，是一種膽固醇抑制劑，尤其能優先降低壞膽固醇，並去除血中脂肪，排除毒素。2.降血糖：紅麴成份含有抑制糖分吸收的短鏈蛋白性物質。3.抗發炎：莫林那可物質能抑制，或減少動脈血管壁受損時的發炎現象。4.抗老化：紅麴產生的抗氧化成份，如黃酮類等，能清除自由基。5.降血壓：紅麴含有Y-胺基丁酸（GABA），具有降血壓的效果。6.防癡呆：紅麴中的乙醯膽鹼可安定神經、提高記憶力...",
        "violation_type": "超出調節血脂功能之保健功效許可範圍"
      },
      {
        "ID": "衛生福利部暨臺北市政府衛生局健康食品廣告例句83-項次82",
        "ad_content": "工作壓力大危險倍增：根據資料顯示：工作壓力大的職業領域（如：教授、法官、警員、科技新貴、司機、日夜班輪班、行銷人...等）過勞死的危險比其它人來的高。另外也有研究發現：每天加班2小時，肝臟發炎指數GOT、GPT異常者比率會增加兩成。每天睡不滿7小時，肝臟發炎指數異常者比率則會增加四成。",
        "violation_type": "超出護肝功能（針對化學性肝損傷）之保健功效許可範圍"
      },
      {
        "ID": "衛生福利部暨臺北市政府衛生局健康食品廣告例句83-項次83",
        "ad_content": "季節變換不適...一到季節轉換就口罩不離身...卡卡不順暢...只進不出，悶悶不舒服...注意力無法集中...身材發育落在後段班",
        "violation_type": "涉及虛偽不實、誇張"
      }
    ]
  }
}