{
  "advertisement_violation_cases": {
    "title": "衛生福利部暨臺北市政府衛生局食品廣告例句209",
    "total_cases": 209,
    "cases": [
      {
        "id": "衛生福利部暨臺北市政府衛生局食品廣告例句209-項次1",
        "ad_content": "對長期便秘、下痢等慢性病有不錯的效果",
        "violation_type": "涉及療效"
      },
      {
        "id": "衛生福利部暨臺北市政府衛生局食品廣告例句209-項次2",
        "ad_content": "改善排便異常",
        "violation_type": "涉及療效"
      },
      {
        "id": "衛生福利部暨臺北市政府衛生局食品廣告例句209-項次3",
        "ad_content": "一年四季預防傷風感冒的聖品",
        "violation_type": "涉及療效"
      },
      {
        "id": "衛生福利部暨臺北市政府衛生局食品廣告例句209-項次4",
        "ad_content": "對於容易感冒...有很好的效果",
        "violation_type": "涉及療效"
      },
      {
        "id": "衛生福利部暨臺北市政府衛生局食品廣告例句209-項次5",
        "ad_content": "消化不良",
        "violation_type": "涉及療效"
      },
      {
        "id": "衛生福利部暨臺北市政府衛生局食品廣告例句209-項次6",
        "ad_content": "可防癌、抵抗病菌侵襲",
        "violation_type": "涉及療效"
      },
      {
        "id": "衛生福利部暨臺北市政府衛生局食品廣告例句209-項次7",
        "ad_content": "改善過敏症",
        "violation_type": "涉及療效"
      },
      {
        "id": "衛生福利部暨臺北市政府衛生局食品廣告例句209-項次8",
        "ad_content": "德國黑森林活細胞療法...取代過去注射療程的方法",
        "violation_type": "涉及療效"
      },
      {
        "id": "衛生福利部暨臺北市政府衛生局食品廣告例句209-項次9",
        "ad_content": "預防高血壓...預防大腸癌...預防文明病、慢性病...預防便秘、血痔瘡...可降低血中膽固醇",
        "violation_type": "涉及療效"
      },
      {
        "id": "衛生福利部暨臺北市政府衛生局食品廣告例句209-項次10",
        "ad_content": "洗腎病患、白血球過少症",
        "violation_type": "涉及療效"
      },
      {
        "id": "衛生福利部暨臺北市政府衛生局食品廣告例句209-項次11",
        "ad_content": "排除致病毒物",
        "violation_type": "涉及療效"
      },
      {
        "id": "衛生福利部暨臺北市政府衛生局食品廣告例句209-項次12",
        "ad_content": "廣告拍攝「產品進入血管內流暢情形」及「報紙內報導壯陽、偽藥之畫面」",
        "violation_type": "涉及療效"
      },
      {
        "id": "衛生福利部暨臺北市政府衛生局食品廣告例句209-項次13",
        "ad_content": "改善性功能",
        "violation_type": "涉及療效"
      },
      {
        "id": "衛生福利部暨臺北市政府衛生局食品廣告例句209-項次14",
        "ad_content": "有強肝解毒成份、清除致病毒素",
        "violation_type": "涉及療效"
      },
      {
        "id": "衛生福利部暨臺北市政府衛生局食品廣告例句209-項次15",
        "ad_content": "改善腹瀉、抑制腸病毒、預防大腸癌",
        "violation_type": "涉及療效"
      },
      {
        "id": "衛生福利部暨臺北市政府衛生局食品廣告例句209-項次16",
        "ad_content": "具有調理女性生理期、改善貧血及身體血路之效果",
        "violation_type": "涉及療效"
      },
      {
        "id": "衛生福利部暨臺北市政府衛生局食品廣告例句209-項次17",
        "ad_content": "媽媽調血氣、更年期障礙的媽媽、老媽病痛何其多...擺脫各種慢性疾病威脅",
        "violation_type": "涉及療效"
      },
      {
        "id": "衛生福利部暨臺北市政府衛生局食品廣告例句209-項次18",
        "ad_content": "預防老人痴呆",
        "violation_type": "涉及療效"
      },
      {
        "id": "衛生福利部暨臺北市政府衛生局食品廣告例句209-項次19",
        "ad_content": "預防及改善心血管疾病",
        "violation_type": "涉及療效"
      },
      {
        "id": "衛生福利部暨臺北市政府衛生局食品廣告例句209-項次20",
        "ad_content": "「OO蜂膠：具有消毒、殺菌的作用！天然消炎抗菌抗氧化。」、「OO葡萄子：能深入細胞清潔血液，對抗自由基...」、「魚油...是心臟血管循環，眼睛保護，...保持血管彈性，減低血小板凝聚，暢通血管」、「OO抗老化控制體重，...清除體內毒素，清除腸道廢物...活絡血液循環，減少脂肪」",
        "violation_type": "涉及療效"
      },
      {
        "id": "衛生福利部暨臺北市政府衛生局食品廣告例句209-項次21",
        "ad_content": "魚肝油：具有消炎作用，可降低氣喘病人對外界過敏源發作反應...。維他命C...增強抵抗力...。蜂膠：具有強大殺菌力...類黃酮具有抗過敏作用及鎮痛止血消炎等作用。冬蟲夏草...益肺補腎、止血化痰...",
        "violation_type": "涉及療效"
      },
      {
        "id": "衛生福利部暨臺北市政府衛生局食品廣告例句209-項次22",
        "ad_content": "茄紅素500mg是最強大的天然抗氧化成分..男性OO...攝護腺癌、眼黃斑退損的活力健康飲品；適用對象：...2、慢性病患。3、癌症病患。4、視力不佳者...葉黃素..視力保健最有效成分...",
        "violation_type": "涉及療效"
      },
      {
        "id": "衛生福利部暨臺北市政府衛生局食品廣告例句209-項次23",
        "ad_content": "OO乃是數10種純種天然植物研磨而成...長期食用而無副作用...請重拾信心速與我們聯絡，保證解套、重生，並列有多種病名（皮膚毒...異味性皮膚炎、脂漏性皮膚炎...肝毒：A、B、C型肝炎、初期肝硬化...腎毒...急慢性腎臟病、水腫...藥毒：高血壓、低血壓...）及佐有食品圖片",
        "violation_type": "涉及療效"
      },
      {
        "id": "衛生福利部暨臺北市政府衛生局食品廣告例句209-項次24",
        "ad_content": "冬蟲夏草...主要運用在治療人體肺臟和腎臟...治療氣喘、慢性支氣管炎...是一理想又溫補的食療品",
        "violation_type": "涉及療效"
      },
      {
        "id": "衛生福利部暨臺北市政府衛生局食品廣告例句209-項次25",
        "ad_content": "增進性組織系統功能...更持久...提高神經系統興奮，讓您更容易達到高潮的顛峰狀態...促進血液循環，改善自決勃起，增加硬度及勃起時間..不純粹只是壯陽還有刺激情慾的特性",
        "violation_type": "涉及療效"
      },
      {
        "id": "衛生福利部暨臺北市政府衛生局食品廣告例句209-項次26",
        "ad_content": "忙碌緊張失活壓力，常讓堂堂五尺之軀大男人卻有抬不起「頭」的困窘...掌握中國古代醫學中「固本培元」的原則。由天然珍貴藥材調製而成。食用後四十至六十分鐘效果絕對令人驚訝..、「..根據調查顯示，46%的女性從未體驗過真正的性滿足！事實上無以數計的女性甚至不知道什麼叫做高潮...」",
        "violation_type": "涉及療效"
      },
      {
        "id": "衛生福利部暨臺北市政府衛生局食品廣告例句209-項次27",
        "ad_content": "降低血液尿酸含量、幫助減低便秘情形...",
        "violation_type": "涉及療效"
      },
      {
        "id": "衛生福利部暨臺北市政府衛生局食品廣告例句209-項次28",
        "ad_content": "防止糖尿病",
        "violation_type": "涉及療效"
      },
      {
        "id": "衛生福利部暨臺北市政府衛生局食品廣告例句209-項次29",
        "ad_content": "男人頻尿、尿不出來、每次要站很久才尿得出來，攝護腺肥大、腫大，OO有很滿意的效果",
        "violation_type": "涉及療效"
      },
      {
        "id": "衛生福利部暨臺北市政府衛生局食品廣告例句209-項次30",
        "ad_content": "抗不孕",
        "violation_type": "涉及療效"
      },
      {
        "id": "衛生福利部暨臺北市政府衛生局食品廣告例句209-項次31",
        "ad_content": "溶解慢性病...鬆鬆你的痛",
        "violation_type": "涉及療效"
      },
      {
        "id": "衛生福利部暨臺北市政府衛生局食品廣告例句209-項次32",
        "ad_content": "最適合下述人士飲用1.擔心血壓過高、膽固醇過高。2.糖尿病患者。3.腸胃消化機能不佳或經常便秘或腹瀉4.擔心身材發福或膽固醇過高5.大魚大肉後膽固醇過高6.尿酸過高、痛風患者7.經常抽煙、喝酒過量",
        "violation_type": "涉及療效"
      },
      {
        "id": "衛生福利部暨臺北市政府衛生局食品廣告例句209-項次33",
        "ad_content": "潤肺補血養肝、提神醒腦開胃利尿",
        "violation_type": "涉及療效"
      },
      {
        "id": "衛生福利部暨臺北市政府衛生局食品廣告例句209-項次34",
        "ad_content": "β-胡蘿蔔素具有解毒作用，而且在抗癌預防心血管疾病具有顯著的功能",
        "violation_type": "涉及療效"
      },
      {
        "id": "衛生福利部暨臺北市政府衛生局食品廣告例句209-項次35",
        "ad_content": "打鼾剋星OO讓您不必開刀就讓打呼成為「絕響」",
        "violation_type": "涉及療效"
      },
      {
        "id": "衛生福利部暨臺北市政府衛生局食品廣告例句209-項次36",
        "ad_content": "減低血液尿酸含量、幫助減低便秘情況",
        "violation_type": "涉及療效"
      },
      {
        "id": "衛生福利部暨臺北市政府衛生局食品廣告例句209-項次37",
        "ad_content": "「中藥用途：根部、果實可為藥用。溫中燥濕、健胃、怯風通絡、治風寒感冒、活血散淤、跌打損傷、解毒殺蟲、消腫止痛、滋陰補陽又顧肝」等整體訊息",
        "violation_type": "涉及療效"
      },
      {
        "id": "衛生福利部暨臺北市政府衛生局食品廣告例句209-項次38",
        "ad_content": "「蜂膠來自OO蜂膠錠...腸病毒以及肝炎剋星...」、「魚油根據醫學報導指出可治憂鬱症、延緩老年癡呆...」",
        "violation_type": "涉及療效"
      },
      {
        "id": "衛生福利部暨臺北市政府衛生局食品廣告例句209-項次39",
        "ad_content": "因為外婆曾經罹患腫瘤病史，經朋友推薦買巴西蘑菇給母親保養身體，服用幾個月後...腫瘤變小",
        "violation_type": "涉及療效"
      },
      {
        "id": "衛生福利部暨臺北市政府衛生局食品廣告例句209-項次40",
        "ad_content": "清潔齒垢",
        "violation_type": "涉及誇大、易生誤解"
      },
      {
        "id": "衛生福利部暨臺北市政府衛生局食品廣告例句209-項次41",
        "ad_content": "強力滋補好腦力、長效滋養、對高品質、預防未老先衰",
        "violation_type": "涉及誇大、易生誤解"
      },
      {
        "id": "衛生福利部暨臺北市政府衛生局食品廣告例句209-項次42",
        "ad_content": "抵抗外界傷害，消除青春痘、黑斑、皺紋，使皮膚白皙、改善過量油脂分泌、增加肌膚抵抗力之效果",
        "violation_type": "涉及誇大、易生誤解"
      },
      {
        "id": "衛生福利部暨臺北市政府衛生局食品廣告例句209-項次43",
        "ad_content": "能從體內將你轉化成為美白體質、去除斑點之效果",
        "violation_type": "涉及誇大、易生誤解"
      },
      {
        "id": "衛生福利部暨臺北市政府衛生局食品廣告例句209-項次44",
        "ad_content": "強心、改善記憶力、美肌膚",
        "violation_type": "涉及誇大"
      },
      {
        "id": "衛生福利部暨臺北市政府衛生局食品廣告例句209-項次45",
        "ad_content": "歲月風化、凋零、自然還原新定律、解決您歲月問題、保水、淨白、淡化",
        "violation_type": "涉及誇大、易生誤解"
      },
      {
        "id": "衛生福利部暨臺北市政府衛生局食品廣告例句209-項次46",
        "ad_content": "延緩細胞老化，防止血凝固，防毛髮脫落",
        "violation_type": "涉及誇大、易生誤解"
      },
      {
        "id": "衛生福利部暨臺北市政府衛生局食品廣告例句209-項次47",
        "ad_content": "美白肌膚、眼明心清、防止老化",
        "violation_type": "涉及誇大、易生誤解"
      },
      {
        "id": "衛生福利部暨臺北市政府衛生局食品廣告例句209-項次48",
        "ad_content": "拒絕酒後發生的意外事件、酒國英雄們有意想不到的妙用",
        "violation_type": "涉及誇大、易生誤解"
      },
      {
        "id": "衛生福利部暨臺北市政府衛生局食品廣告例句209-項次49",
        "ad_content": "具有解醉之效果",
        "violation_type": "涉及誇大、易生誤解"
      },
      {
        "id": "衛生福利部暨臺北市政府衛生局食品廣告例句209-項次50",
        "ad_content": "固肝、解酒",
        "violation_type": "涉及誇大、易生誤解"
      },
      {
        "id": "衛生福利部暨臺北市政府衛生局食品廣告例句209-項次51",
        "ad_content": "刺激血管、消除脂肪、可解尼古丁及酒醉",
        "violation_type": "涉及誇大、易生誤解"
      },
      {
        "id": "衛生福利部暨臺北市政府衛生局食品廣告例句209-項次52",
        "ad_content": "喝酒後可開車",
        "violation_type": "涉及誇大、易生誤解"
      },
      {
        "id": "衛生福利部暨臺北市政府衛生局食品廣告例句209-項次53",
        "ad_content": "「喝酒的人有福氣啦...讓您把愛車安心開回家」且廣告圖片及其他文字內容所傳達之整體訊息，影射解酒及喝酒後可開車",
        "violation_type": "涉及誇大、易生誤解"
      },
      {
        "id": "衛生福利部暨臺北市政府衛生局食品廣告例句209-項次54",
        "ad_content": "飯前30分鐘飲用「效果更佳」",
        "violation_type": "涉及誇大、易生誤解（瘦身產品）"
      },
      {
        "id": "衛生福利部暨臺北市政府衛生局食品廣告例句209-項次55",
        "ad_content": "雕塑理想身材，瘦的更健康",
        "violation_type": "涉及誇大、易生誤解"
      },
      {
        "id": "衛生福利部暨臺北市政府衛生局食品廣告例句209-項次56",
        "ad_content": "與其他宣稱瘦身產品做比較",
        "violation_type": "涉及誇大、易生誤解"
      },
      {
        "id": "衛生福利部暨臺北市政府衛生局食品廣告例句209-項次57",
        "ad_content": "能使你清除油脂",
        "violation_type": "涉及誇大、易生誤解"
      },
      {
        "id": "衛生福利部暨臺北市政府衛生局食品廣告例句209-項次58",
        "ad_content": "英文品名「FAT-CUT」",
        "violation_type": "涉及誇大、易生誤解"
      },
      {
        "id": "衛生福利部暨臺北市政府衛生局食品廣告例句209-項次59",
        "ad_content": "增強脂肪代謝能力...且可清腸",
        "violation_type": "涉及誇大、易生誤解"
      },
      {
        "id": "衛生福利部暨臺北市政府衛生局食品廣告例句209-項次60",
        "ad_content": "立即塑、立即SO",
        "violation_type": "涉及誇大、易生誤解"
      },
      {
        "id": "衛生福利部暨臺北市政府衛生局食品廣告例句209-項次61",
        "ad_content": "OO是一減肥食品，可讓粗臂肥臀不見...促進肥胖部位血液循環、燃燒脂肪...達到瘦身效果",
        "violation_type": "涉及誇大、易生誤解"
      },
      {
        "id": "衛生福利部暨臺北市政府衛生局食品廣告例句209-項次62",
        "ad_content": "雕塑體型、吃出身材",
        "violation_type": "涉及誇大、易生誤解"
      },
      {
        "id": "衛生福利部暨臺北市政府衛生局食品廣告例句209-項次63",
        "ad_content": "幫助您保持好身材",
        "violation_type": "涉及誇大、易生誤解"
      },
      {
        "id": "衛生福利部暨臺北市政府衛生局食品廣告例句209-項次64",
        "ad_content": "減肥消脂茶包...活化細胞...使你『輕』鬆愉快",
        "violation_type": "涉及誇大、易生誤解"
      },
      {
        "id": "衛生福利部暨臺北市政府衛生局食品廣告例句209-項次65",
        "ad_content": "解決減肥時因缺鈣而引起的焦躁感...讓自己輕盈苗條起來",
        "violation_type": "涉及誇大、易生誤解"
      },
      {
        "id": "衛生福利部暨臺北市政府衛生局食品廣告例句209-項次66",
        "ad_content": "病人用之控制體重特殊營養食品，搭配「OO錠」食品，可使效果相乘、加倍",
        "violation_type": "涉及誇大、易生誤解（影射瘦身）"
      },
      {
        "id": "衛生福利部暨臺北市政府衛生局食品廣告例句209-項次67",
        "ad_content": "「購買OO蕃茄汁一打，即可獲得蕃茄減肥健康法乙冊」、「讀蕃茄減肥健康法得大獎」",
        "violation_type": "涉及誇大、易生誤解"
      },
      {
        "id": "衛生福利部暨臺北市政府衛生局食品廣告例句209-項次68",
        "ad_content": "幫助清除腸內有害物質、體內毒素及宿便清除體內宿便、強力淨化健康",
        "violation_type": "涉及誇大、易生誤解"
      },
      {
        "id": "衛生福利部暨臺北市政府衛生局食品廣告例句209-項次69",
        "ad_content": "BIFIDUS是最佳有益菌，它是體內廢棄物之環保清道夫",
        "violation_type": "涉及誇大、易生誤解"
      },
      {
        "id": "衛生福利部暨臺北市政府衛生局食品廣告例句209-項次70",
        "ad_content": "慣性便秘，容易導致皮膚粗糙，腰腹肥胖",
        "violation_type": "涉及誇大、易生誤解"
      },
      {
        "id": "衛生福利部暨臺北市政府衛生局食品廣告例句209-項次71",
        "ad_content": "排除毒素、改善體質",
        "violation_type": "涉及誇大、易生誤解"
      },
      {
        "id": "衛生福利部暨臺北市政府衛生局食品廣告例句209-項次72",
        "ad_content": "吸收雜質及毒素、清腸、消除脹氣",
        "violation_type": "涉及誇大、易生誤解"
      },
      {
        "id": "衛生福利部暨臺北市政府衛生局食品廣告例句209-項次73",
        "ad_content": "通筋活血、增強腦部活力",
        "violation_type": "涉及誇大、易生誤解"
      },
      {
        "id": "衛生福利部暨臺北市政府衛生局食品廣告例句209-項次74",
        "ad_content": "排出體內堆積毒素，促進全身血液流通之效果",
        "violation_type": "涉及誇大、易生誤解"
      },
      {
        "id": "衛生福利部暨臺北市政府衛生局食品廣告例句209-項次75",
        "ad_content": "以女性模特兒胸部特寫照片、廣告詞句描述「發育-紅顏、初成長、挑戰更高峰」、「成熟-滋養女人的身體、凸顯焦點、更形嬌媚」、「後產-沒有什麼是不可能、重拾夫妻恩愛歡愉」",
        "violation_type": "涉及誇大、易生誤解"
      },
      {
        "id": "衛生福利部暨臺北市政府衛生局食品廣告例句209-項次76",
        "ad_content": "美胸、有效刺激乳腺，使其快速活化，而達到使胸部豐滿之境界",
        "violation_type": "涉及誇大、易生誤解"
      },
      {
        "id": "衛生福利部暨臺北市政府衛生局食品廣告例句209-項次77",
        "ad_content": "「讓你擁有傲人的上圍曲線...使胸部有立體感...女人風味再現，讓您在最短的時間內就有最好效果」，配合品名「美胸」二字之整體訊息",
        "violation_type": "涉及誇大、易生誤解"
      },
      {
        "id": "衛生福利部暨臺北市政府衛生局食品廣告例句209-項次78",
        "ad_content": "OO廣告後半段促銷內容，以女性豐胸巨乳之畫面呈現，配合該產品品名",
        "violation_type": "涉及誇大、易生誤解（影射豐胸）"
      },
      {
        "id": "衛生福利部暨臺北市政府衛生局食品廣告例句209-項次79",
        "ad_content": "健腦益智、防治衰老、血管清道夫、為活腦黃金油",
        "violation_type": "涉及誇大、易生誤解"
      },
      {
        "id": "衛生福利部暨臺北市政府衛生局食品廣告例句209-項次80",
        "ad_content": "清腸",
        "violation_type": "涉及誇大、易生誤解"
      },
      {
        "id": "衛生福利部暨臺北市政府衛生局食品廣告例句209-項次81",
        "ad_content": "吃OO比較不會老化",
        "violation_type": "涉及誇大、易生誤解"
      },
      {
        "id": "衛生福利部暨臺北市政府衛生局食品廣告例句209-項次82",
        "ad_content": "寶肝 LIVA GOLDEN",
        "violation_type": "涉及誇大、易生誤解"
      },
      {
        "id": "衛生福利部暨臺北市政府衛生局食品廣告例句209-項次83",
        "ad_content": "活化肝臟",
        "violation_type": "涉及誇大、易生誤解"
      },
      {
        "id": "衛生福利部暨臺北市政府衛生局食品廣告例句209-項次84",
        "ad_content": "品名「不老仙丹」",
        "violation_type": "涉及誇大、易生誤解"
      },
      {
        "id": "衛生福利部暨臺北市政府衛生局食品廣告例句209-項次85",
        "ad_content": "全球一致公認最完美的複方組合",
        "violation_type": "涉及誇大、易生誤解"
      },
      {
        "id": "衛生福利部暨臺北市政府衛生局食品廣告例句209-項次86",
        "ad_content": "紫花苜蓿（食物之父）",
        "violation_type": "涉及誇大、易生誤解"
      },
      {
        "id": "衛生福利部暨臺北市政府衛生局食品廣告例句209-項次87",
        "ad_content": "OO與牛奶一起服用時吸收最好，且效果最佳，牛奶經舌下腺發生生化作用，可保持胃pH值為4，且持續3-4小時，這時為小腸最佳吸收狀態。",
        "violation_type": "涉及誇大、易生誤解"
      },
      {
        "id": "衛生福利部暨臺北市政府衛生局食品廣告例句209-項次88",
        "ad_content": "什麼是維他命X？美國OO博士是首位研究胚胎芽的人，她深入研究上百種麥苗（胚胎芽），發現其中以'麥格嫩葉'為最珍貴。'麥格嫩葉'不但含有豐富的維生素、礦物質及多種微量元素，更神奇的是它富含一種可抗入侵人體異物作用的活性物質，直至目前為止科學家尚未為其命名，故暫稱為維他命X。",
        "violation_type": "涉及誇大、易生誤解"
      },
      {
        "id": "衛生福利部暨臺北市政府衛生局食品廣告例句209-項次89",
        "ad_content": "OO對高血壓、糖尿病、肝病...等朋友是最佳飲品",
        "violation_type": "涉及誇大、易生誤解"
      },
      {
        "id": "衛生福利部暨臺北市政府衛生局食品廣告例句209-項次90",
        "ad_content": "「OO」產品雜誌廣告，於同一版面中有「皮膚病、腎毒、肝毒、藥毒」等，下方推薦xxxx產品，且述及「能幫助您早日康復」",
        "violation_type": "涉及誇大、易生誤解"
      },
      {
        "id": "衛生福利部暨臺北市政府衛生局食品廣告例句209-項次91",
        "ad_content": "強調台灣環境越來越糟、空氣污染所導致之咳嗽及看電視而導致近視等負面說法，來影射案內產品可增加抵抗力、對抗惡劣之環境等",
        "violation_type": "涉及誇大、易生誤解"
      },
      {
        "id": "衛生福利部暨臺北市政府衛生局食品廣告例句209-項次92",
        "ad_content": "添加瑞特乳酸益菌...可幫助寶寶腸道細胞生長",
        "violation_type": "涉及誇大、易生誤解"
      },
      {
        "id": "衛生福利部暨臺北市政府衛生局食品廣告例句209-項次93",
        "ad_content": "加強寶寶腸胃防禦能力",
        "violation_type": "涉及誇大、易生誤解"
      },
      {
        "id": "衛生福利部暨臺北市政府衛生局食品廣告例句209-項次94",
        "ad_content": "呵護寶寶的呼吸",
        "violation_type": "涉及誇大、易生誤解"
      },
      {
        "id": "衛生福利部暨臺北市政府衛生局食品廣告例句209-項次95",
        "ad_content": "「可分解過敏原，寶寶當然好呼吸...喝OO的寶寶...當然就不會老是打噴嚏一鼻子涕」、「不像牛鼻子一天到晚濕答答」",
        "violation_type": "涉及誇大、易生誤解（影射改善過敏體質的效果）"
      },
      {
        "id": "衛生福利部暨臺北市政府衛生局食品廣告例句209-項次96",
        "ad_content": "活絡腸胃功能",
        "violation_type": "涉及誇大、易生誤解"
      },
      {
        "id": "衛生福利部暨臺北市政府衛生局食品廣告例句209-項次97",
        "ad_content": "活化攝護腺、膀胱",
        "violation_type": "涉及誇大、易生誤解"
      },
      {
        "id": "衛生福利部暨臺北市政府衛生局食品廣告例句209-項次98",
        "ad_content": "增高、OO廣告以152公分成長至166公分之高矮做身高比較",
        "violation_type": "涉及誇大、易生誤解（影射增高）"
      },
      {
        "id": "衛生福利部暨臺北市政府衛生局食品廣告例句209-項次99",
        "ad_content": "強化骨骼，保健牙齒及眼睛",
        "violation_type": "涉及誇大、易生誤解"
      },
      {
        "id": "衛生福利部暨臺北市政府衛生局食品廣告例句209-項次100",
        "ad_content": "促進鈣質吸收的維生素D3，增加鈣質的生物利用率",
        "violation_type": "涉及誇大、易生誤解"
      },
      {
        "id": "衛生福利部暨臺北市政府衛生局食品廣告例句209-項次101",
        "ad_content": "能在食用後快速達到血鈣吸收平衡，有效增加鈣質利用率",
        "violation_type": "涉及誇大、易生誤解"
      },
      {
        "id": "衛生福利部暨臺北市政府衛生局食品廣告例句209-項次102",
        "ad_content": "特別是現代人缺乏運動，甚少曬太陽，長久下來骨骼變得異常脆弱，腰酸背痛、容易骨折",
        "violation_type": "涉及誇大、易生誤解"
      },
      {
        "id": "衛生福利部暨臺北市政府衛生局食品廣告例句209-項次103",
        "ad_content": "現代人經常外食，造成血管壁逐年累積了大量因飲食習慣不良而吃下的脂肪，等時日一長，身體不能再忍受時，就容易罹患心血管疾病",
        "violation_type": "涉及誇大、易生誤解"
      },
      {
        "id": "衛生福利部暨臺北市政府衛生局食品廣告例句209-項次104",
        "ad_content": "改善您緊張、失常的生活，讓您遠離文明造成的疾病",
        "violation_type": "涉及誇大、易生誤解"
      },
      {
        "id": "衛生福利部暨臺北市政府衛生局食品廣告例句209-項次105",
        "ad_content": "有正確預防、徹底改善成分",
        "violation_type": "涉及誇大、易生誤解"
      },
      {
        "id": "衛生福利部暨臺北市政府衛生局食品廣告例句209-項次106",
        "ad_content": "加強細胞代謝，達到淨化之效果",
        "violation_type": "涉及誇大、易生誤解"
      },
      {
        "id": "衛生福利部暨臺北市政府衛生局食品廣告例句209-項次107",
        "ad_content": "孩童常因偏食，...造成營養素攝取不均衡的營養缺乏或肥胖，進而影響成長發育...同時強調其產品為全方位營養補給",
        "violation_type": "涉及誇大、易生誤解"
      },
      {
        "id": "衛生福利部暨臺北市政府衛生局食品廣告例句209-項次108",
        "ad_content": "日本特許細胞活化水...培養細胞的健康生機！...具備絕佳的滲透力，可活絡細胞...",
        "violation_type": "涉及誇大、易生誤解"
      },
      {
        "id": "衛生福利部暨臺北市政府衛生局食品廣告例句209-項次109",
        "ad_content": "補寒冷虛乏",
        "violation_type": "涉及誇大、易生誤解"
      },
      {
        "id": "衛生福利部暨臺北市政府衛生局食品廣告例句209-項次110",
        "ad_content": "行走在皮膚下的光合作用",
        "violation_type": "涉及誇大、易生誤解"
      },
      {
        "id": "衛生福利部暨臺北市政府衛生局食品廣告例句209-項次111",
        "ad_content": "暗沉、黑斑、皺紋不是我的記憶",
        "violation_type": "涉及誇大、易生誤解"
      },
      {
        "id": "衛生福利部暨臺北市政府衛生局食品廣告例句209-項次112",
        "ad_content": "減少腐敗菌所產生的有害物質，無形中減輕了肝、腎的負擔",
        "violation_type": "涉及誇大、易生誤解"
      },
      {
        "id": "衛生福利部暨臺北市政府衛生局食品廣告例句209-項次113",
        "ad_content": "保養皮膚、強化骨骼、可減少油脂對心臟血管的負擔、保養你的眼力、關心您的心臟、完整營養奶粉",
        "violation_type": "涉及誇大、易生誤解"
      },
      {
        "id": "衛生福利部暨臺北市政府衛生局食品廣告例句209-項次114",
        "ad_content": "鯊魚是少數不生癌的動物，即使受傷能迅速痊癒，亦不會發炎感染...主要由於鯊魚的軟骨組織是其強健免疫系統的來源",
        "violation_type": "涉及誇大、易生誤解"
      },
      {
        "id": "衛生福利部暨臺北市政府衛生局食品廣告例句209-項次115",
        "ad_content": "使血液中的帶氧量增加，同時淨化血液，使成健康的鹼性",
        "violation_type": "涉及誇大、易生誤解"
      },
      {
        "id": "衛生福利部暨臺北市政府衛生局食品廣告例句209-項次116",
        "ad_content": "拒絕退化、細胞變性、身體各種慢性不適症狀產生、死亡",
        "violation_type": "涉及誇大、易生誤解"
      },
      {
        "id": "衛生福利部暨臺北市政府衛生局食品廣告例句209-項次117",
        "ad_content": "針對人體的不同機能需求如免疫功能、血脂調節與腸胃功能等，成功研發了一系列滿足個人不同健康需求的營養保健產品",
        "violation_type": "涉及誇大、易生誤解"
      },
      {
        "id": "衛生福利部暨臺北市政府衛生局食品廣告例句209-項次118",
        "ad_content": "清除自由基功效...可防止和抵抗...具傷害性的自由基生物效應，即大腦痿縮、動脈粥狀樣硬化性缺氧、腫瘤形成、發炎、局部缺血、滑液變化、膠原退化",
        "violation_type": "涉及誇大、易生誤解"
      },
      {
        "id": "衛生福利部暨臺北市政府衛生局食品廣告例句209-項次119",
        "ad_content": "「靈芝...御用之藥，...中藥之寶」、「中藥材裡上藥中最高位的上上藥，足以長期服用而無副作用，且能立刻調整體質的異變，把體質正常化」",
        "violation_type": "涉及誇大、易生誤解"
      },
      {
        "id": "衛生福利部暨臺北市政府衛生局食品廣告例句209-項次120",
        "ad_content": "這些人特別需要OO，40歲以上開始步入中年，懂得關心自己健康的人.每日大號超過兩分鐘者.精神不振，老是昏昏沈沈的人.新陳代謝不佳者.欲進行斷食者...",
        "violation_type": "涉及誇大、易生誤解"
      },
      {
        "id": "衛生福利部暨臺北市政府衛生局食品廣告例句209-項次121",
        "ad_content": "公司、行號或工廠名稱標示「健康食品」字樣業者",
        "violation_type": "涉及誇大、易生誤解"
      },
      {
        "id": "衛生福利部暨臺北市政府衛生局食品廣告例句209-項次122",
        "ad_content": "缺乏鐵質，將導致貧血",
        "violation_type": "涉及誇大、易生誤解"
      },
      {
        "id": "衛生福利部暨臺北市政府衛生局食品廣告例句209-項次123",
        "ad_content": "蘿蔔硫素早已被用來預防治療癌細胞擴散...過去20年總共有一萬三千多篇有關硒掃除自由基、抗氧化...排除重金屬等論文...OO菇等均含有硒元素...用點巧思就可簡單做出超抗癌美食",
        "violation_type": "涉及誇大、易生誤解"
      },
      {
        "id": "衛生福利部暨臺北市政府衛生局食品廣告例句209-項次124",
        "ad_content": "消除皺紋、黑斑、排毒、補血、減肥減重、生理疼痛、清除宿便、防癌效果...用於年長者、婦女病症、成長期青少年及骨質疏鬆、貧血、便秘...等長期受困擾者",
        "violation_type": "涉及誇大、易生誤解"
      },
      {
        "id": "衛生福利部暨臺北市政府衛生局食品廣告例句209-項次125",
        "ad_content": "糙米...雖然不是萬靈丹，...能去毒減肥，...糙米茶有清血作用及...，蔬菜湯每天喝...把毒素排掉...抵抗力會增強...偏頭痛、便秘、胃不好或高血壓、糖尿病都會慢慢改善，...蔬菜湯療法，對於不同的慢性疾病...",
        "violation_type": "涉及誇大、易生誤解"
      },
      {
        "id": "衛生福利部暨臺北市政府衛生局食品廣告例句209-項次126",
        "ad_content": "梅汁...防止食物腐化、幫助鈣質吸收..消除心煩",
        "violation_type": "涉及誇大、易生誤解"
      },
      {
        "id": "衛生福利部暨臺北市政府衛生局食品廣告例句209-項次127",
        "ad_content": "OO喉糖抗牙垢、...國際牙科研究報告證實Xylitol具有強大抗力，能減少牙垢菌酵化及繁殖及唾液中鏈球菌數目",
        "violation_type": "涉及誇大、易生誤解"
      },
      {
        "id": "衛生福利部暨臺北市政府衛生局食品廣告例句209-項次128",
        "ad_content": "OO乳漿蛋白（醫用營養調節品）...與GSH相關的研究報告就多達三萬六千多篇，不斷證實缺乏就是老化疾病的開始...化療洗腎癌症等重大病患者",
        "violation_type": "涉及誇大、易生誤解"
      },
      {
        "id": "衛生福利部暨臺北市政府衛生局食品廣告例句209-項次129",
        "ad_content": "「保健小秘訣」內容述及「葡萄子超強氧化力，有效清除自由基減緩老化」「β胡蘿蔔素是一種抗氧化劑，能增加眼睛抗氧化能力，避免組織提早老化及不當能力，引起的結膜下出血，對於自由基引起的白內障及老化性黃斑部病變特別有預防效果」、「蜂膠抗炎性抗菌性」、「大豆蛋白可減少心臟病」等詞句，與宣傳單張上半版面之產品相互應合。",
        "violation_type": "涉及誇大、易生誤解"
      },
      {
        "id": "衛生福利部暨臺北市政府衛生局食品廣告例句209-項次130",
        "ad_content": "「OO夏草，味性甘溫，自古列為培元良藥，而無燥熱之忌...」、「...皮膚細緻與否，最主要於肝臟機能是否強健，一旦肝臟營養不好或有疾病，皮膚就會失去光滑彈性...成分不僅可以消除肝臟晝夜不停工作引起疲勞...」、「...預防更年期障礙，防止老化...」",
        "violation_type": "涉及誇大、易生誤解"
      },
      {
        "id": "衛生福利部暨臺北市政府衛生局食品廣告例句209-項次131",
        "ad_content": "雞精...根據本草綱目紀載人參提高免疫力、增強記憶力、強化視力與腦力、防止老化",
        "violation_type": "涉及誇大、易生誤解"
      },
      {
        "id": "衛生福利部暨臺北市政府衛生局食品廣告例句209-項次132",
        "ad_content": "「OO產品愛護肝臟延緩老化」、「男性OOO組保持男性賀爾蒙分泌達到青春期之上下」、「女性OO組無副作用、胸部緊實豐腴」",
        "violation_type": "涉及誇大、易生誤解"
      },
      {
        "id": "衛生福利部暨臺北市政府衛生局食品廣告例句209-項次133",
        "ad_content": "OO原花色素，原花色素...有防止血管變弱...防止紫外線傷害皮膚...高效抗氧化劑",
        "violation_type": "涉及誇大、易生誤解"
      },
      {
        "id": "衛生福利部暨臺北市政府衛生局食品廣告例句209-項次134",
        "ad_content": "如果是宿醉導致頭痛，喝蕃茄汁也有解除的功效...並佐有「OO蕃茄汁」",
        "violation_type": "涉及誇大、易生誤解"
      },
      {
        "id": "衛生福利部暨臺北市政府衛生局食品廣告例句209-項次135",
        "ad_content": "OO奶粉獨特添加OO乳酸益菌...可幫助寶寶腸道細胞生長",
        "violation_type": "涉及誇大、易生誤解"
      },
      {
        "id": "衛生福利部暨臺北市政府衛生局食品廣告例句209-項次136",
        "ad_content": "抑制黑斑、皺紋、面皰、雀斑...",
        "violation_type": "涉及誇大、易生誤解"
      },
      {
        "id": "衛生福利部暨臺北市政府衛生局食品廣告例句209-項次137",
        "ad_content": "這種果酸可以加速熱的產生，抑制脂肪的生長，並使胃口變小，您不僅不會再囤積脂肪...",
        "violation_type": "涉及誇大、易生誤解"
      },
      {
        "id": "衛生福利部暨臺北市政府衛生局食品廣告例句209-項次138",
        "ad_content": "豐胸、美白可以深入暗沉細胞內部進行改善、美白、淡斑效果，能預防有老化功能、...",
        "violation_type": "涉及誇大、易生誤解"
      },
      {
        "id": "衛生福利部暨臺北市政府衛生局食品廣告例句209-項次139",
        "ad_content": "增進胸部曲線，三步驟增大波峰，並佐有女性胸部圖片",
        "violation_type": "涉及誇大、易生誤解"
      },
      {
        "id": "衛生福利部暨臺北市政府衛生局食品廣告例句209-項次140",
        "ad_content": "一個月保證讓你換罩杯補充乳腺發育的激素與營養，增加脂肪球、飽和肌肉纖維，上挺乳房、塑型",
        "violation_type": "涉及誇大、易生誤解"
      },
      {
        "id": "衛生福利部暨臺北市政府衛生局食品廣告例句209-項次141",
        "ad_content": "青木瓜燉排骨精華豐胸聖品....愛美是人的天性，堅挺雙峰，能使你充滿信心，但是忙碌的現代社會，常因壓力過大....影響女性賀爾蒙分泌，大乃寶是最有效最健康最簡易的豐胸大補帖...讓你豐滿渾然天成",
        "violation_type": "涉及誇大、易生誤解"
      },
      {
        "id": "衛生福利部暨臺北市政府衛生局食品廣告例句209-項次142",
        "ad_content": "一天減掉1500卡，十天你就甩掉3公斤，一週窈窕2至4公斤",
        "violation_type": "涉及誇大、易生誤解"
      },
      {
        "id": "衛生福利部暨臺北市政府衛生局食品廣告例句209-項次143",
        "ad_content": "目標下半身熱量阻斷劑",
        "violation_type": "涉及誇大、易生誤解"
      },
      {
        "id": "衛生福利部暨臺北市政府衛生局食品廣告例句209-項次144",
        "ad_content": "覆盆莓酵素，他效果能阻斷脂肪生成，脂防燃燒...",
        "violation_type": "涉及誇大、易生誤解"
      },
      {
        "id": "衛生福利部暨臺北市政府衛生局食品廣告例句209-項次145",
        "ad_content": "促進脂肪分解，HCA阻斷脂肪生成，阻斷、分解、燃燒、代謝具乳化、中和、分解脂肪，降低熱量吸收，油脂吸附力更強",
        "violation_type": "涉及誇大、易生誤解"
      },
      {
        "id": "衛生福利部暨臺北市政府衛生局食品廣告例句209-項次146",
        "ad_content": "酵素第三餐幫助擺脫肥胖、擺脫肥胖的煩惱",
        "violation_type": "涉及誇大、易生誤解"
      },
      {
        "id": "衛生福利部暨臺北市政府衛生局食品廣告例句209-項次147",
        "ad_content": "增加飽足感，今夏甩掉你的游泳圈...阻斷澱粉吸收...二個禮拜腰腹減小改善浮腫...輕鬆減重...消除脂肪..想瘦多少就瘦多少...皮膚變細緻水嫩，精神佳、不易生病...排除體內油脂毒素，終結復胖技巧...其特殊的aminogen技術可提升40%蛋白質吸收，脂肪滾蛋、不怕脂肪來上身",
        "violation_type": "涉及誇大、易生誤解"
      },
      {
        "id": "衛生福利部暨臺北市政府衛生局食品廣告例句209-項次148",
        "ad_content": "由美國著名的生化藥廠...成功抽取該物質蛋白濃縮物，因而獲得該產品專利，這種濃縮物可中和2250大卡的澱粉熱量，只要於用餐前30分鐘食用.....不管吃麵吃飯還是各式甜點都不用擔心...一顆小小膠囊相當走了22公里的消耗熱量枸櫞酸塑身法，改造體態曲線...",
        "violation_type": "涉及誇大、易生誤解"
      },
      {
        "id": "衛生福利部暨臺北市政府衛生局食品廣告例句209-項次149",
        "ad_content": "巨星纖麗纖影封面(印有三條曲線女人圖)",
        "violation_type": "涉及誇大、易生誤解"
      },
      {
        "id": "衛生福利部暨臺北市政府衛生局食品廣告例句209-項次150",
        "ad_content": "膚白滑嫩如雪",
        "violation_type": "涉及誇大、易生誤解"
      },
      {
        "id": "衛生福利部暨臺北市政府衛生局食品廣告例句209-項次151",
        "ad_content": "維他命C的美白效果更可防止日晒造成黑斑及雀斑....維他命E能守護肌膚，免受紫外線傷害，並促黑色素排出，創造水嫩無瑕的完美肌膚",
        "violation_type": "涉及誇大、易生誤解"
      },
      {
        "id": "衛生福利部暨臺北市政府衛生局食品廣告例句209-項次152",
        "ad_content": "人體缺氧的剋星、來至神秘的西藏.....黃金植物、東方神草...無任何副作用...",
        "violation_type": "涉及誇大、易生誤解"
      },
      {
        "id": "衛生福利部暨臺北市政府衛生局食品廣告例句209-項次153",
        "ad_content": "黃金柚子茶增強抵抗力預防風寒含豐富維他命C...抑制黑色素形成",
        "violation_type": "涉及誇大、易生誤解"
      },
      {
        "id": "衛生福利部暨臺北市政府衛生局食品廣告例句209-項次154",
        "ad_content": "膳食纖維在醫療上的研究大致分為對代謝的益處、產生腸道有益菌",
        "violation_type": "涉及誇大、易生誤解"
      },
      {
        "id": "衛生福利部暨臺北市政府衛生局食品廣告例句209-項次155",
        "ad_content": "鴻禧菇含有豐富多醣體氨基酸、硒元素並擁有大量對人體健康的成分....並具備塑身美白抗老化...",
        "violation_type": "涉及誇大、易生誤解"
      },
      {
        "id": "衛生福利部暨臺北市政府衛生局食品廣告例句209-項次156",
        "ad_content": "香草茶非常理想作為節食，促進新陳代謝，排毒效果之療程的花草茶，具淨化及使和諧之混合配方；斗篷草茶在傳統民俗醫學是用來治療更年期的一些症狀...",
        "violation_type": "涉及誇大、易生誤解"
      },
      {
        "id": "衛生福利部暨臺北市政府衛生局食品廣告例句209-項次157",
        "ad_content": "辣木所含的鈣是牛奶的四倍、鉀是香蕉的三倍、鐵是波菜的三倍、維他命A是紅蘿蔔四倍、維他命C是柳橙的七倍",
        "violation_type": "涉及誇大、易生誤解"
      },
      {
        "id": "衛生福利部暨臺北市政府衛生局食品廣告例句209-項次158",
        "ad_content": "...絕不添加西藥及不良禁藥成份...讓男人擁有健康的精力，勇猛的精神....讓你可以隨時掌握女人的心...",
        "violation_type": "涉及誇大、易生誤解"
      },
      {
        "id": "衛生福利部暨臺北市政府衛生局食品廣告例句209-項次159",
        "ad_content": "「...珍珠粉含有微量元素錳、銅、鋅及硒是組成SOD成份，可清除過氧化脂質，消除體內自由基...鋅可促進傷口癒合，還影響性激素的分泌，並可增加精子、卵子的活力，鉻具有抑制血糖上升功效，老年人視力下降，與硒元素有密切關係」等整體訊息",
        "violation_type": "涉及誇大、易生誤解"
      },
      {
        "id": "衛生福利部暨臺北市政府衛生局食品廣告例句209-項次160",
        "ad_content": "自然產組(三日餐)及剖腹產組（五日餐）：嚴選補肝腎益陰、怯風活血湯品；配合自然產後陰液不足、促進傷口癒合",
        "violation_type": "涉及誇大、易生誤解"
      },
      {
        "id": "衛生福利部暨臺北市政府衛生局食品廣告例句209-項次161",
        "ad_content": "吃了還會返老還童....",
        "violation_type": "涉及誇大、易生誤解"
      },
      {
        "id": "衛生福利部暨臺北市政府衛生局食品廣告例句209-項次162",
        "ad_content": "海狗鞭膠囊：.....他們是一夫多妻制通常一隻成年雄性海狗至少擁有幾十隻雌性海狗伴侶，雄性海狗求愛每天數次至數十次，在深海嚴寒的狀態下仍維持其強大的性功能，足見海狗鞭及海狗睪丸的威力...",
        "violation_type": "涉及誇大、易生誤解"
      },
      {
        "id": "衛生福利部暨臺北市政府衛生局食品廣告例句209-項次163",
        "ad_content": "衛署食字號未完整引述、衛署食字號涉及不實",
        "violation_type": "涉及誇大、易生誤解"
      },
      {
        "id": "衛生福利部暨臺北市政府衛生局食品廣告例句209-項次164",
        "ad_content": "你有糖尿病嗎？你有尿酸痛風嗎？...讓我們幫你解決這些困擾...",
        "violation_type": "涉及誇大、易生誤解"
      },
      {
        "id": "衛生福利部暨臺北市政府衛生局食品廣告例句209-項次165",
        "ad_content": "改善婦女經前不舒服...可預防不適...",
        "violation_type": "涉及誇大、易生誤解"
      },
      {
        "id": "衛生福利部暨臺北市政府衛生局食品廣告例句209-項次166",
        "ad_content": "...含有高濃度多醣體6.8%以上較市面上靈芝高出許多....衛署食字第xxxxxxxx號...國立成功大學...技術合作...經濟部輔導...屏東科技大學...檢驗報告",
        "violation_type": "涉及誇大、易生誤解"
      },
      {
        "id": "衛生福利部暨臺北市政府衛生局食品廣告例句209-項次167",
        "ad_content": "...薄荷葉...鎮靜、預防口臭...",
        "violation_type": "涉及誇大、易生誤解"
      },
      {
        "id": "衛生福利部暨臺北市政府衛生局食品廣告例句209-項次168",
        "ad_content": "...葡聚多醣 (Glucan)...美軍特總部隊將葡聚多醣(Glucan)作為美伊士官基本配備，以預防生物戰、病毒、傳染病並增加免疫抵抗力的最重要補品",
        "violation_type": "涉及誇大、易生誤解"
      },
      {
        "id": "衛生福利部暨臺北市政府衛生局食品廣告例句209-項次169",
        "ad_content": "與其他瘦身產品做比較...吸附油脂效果最好",
        "violation_type": "涉及誇大、易生誤解"
      },
      {
        "id": "衛生福利部暨臺北市政府衛生局食品廣告例句209-項次170",
        "ad_content": "拒絕酒後發生的意外事件、酒國英雄們有意想不到的妙用",
        "violation_type": "涉及誇大、易生誤解"
      },
      {
        "id": "衛生福利部暨臺北市政府衛生局食品廣告例句209-項次171",
        "ad_content": "加強細胞代謝，達到淨化之效果",
        "violation_type": "涉及誇大、易生誤解"
      },
      {
        "id": "衛生福利部暨臺北市政府衛生局食品廣告例句209-項次172",
        "ad_content": "蜂膠又被稱為天然的抗生素",
        "violation_type": "涉及誇大、易生誤解"
      },
      {
        "id": "衛生福利部暨臺北市政府衛生局食品廣告例句209-項次173",
        "ad_content": "以吃的氧氣...適用對象：體內氧氣循環不佳、有防癌概念、注重慢性病...化療、放療前後最佳營養醫學補充品、永保細胞攜氧活力、含獨特多重抗老化營養素..",
        "violation_type": "涉及誇大、易生誤解"
      },
      {
        "id": "衛生福利部暨臺北市政府衛生局食品廣告例句209-項次174",
        "ad_content": "女性比男性老的快，只要女性體內賀爾蒙失調，什麼都改變了...無毒素長期吃不會造成損害",
        "violation_type": "涉及誇大、易生誤解"
      },
      {
        "id": "衛生福利部暨臺北市政府衛生局食品廣告例句209-項次175",
        "ad_content": "年紀增加，體能也會走下坡，而會從消化系統開始...有人長期的吃藥只為了通便...讓你每天輕鬆排便",
        "violation_type": "涉及誇大、易生誤解"
      },
      {
        "id": "衛生福利部暨臺北市政府衛生局食品廣告例句209-項次176",
        "ad_content": "台灣地處亞熱帶，氣候偏溫熱潮濕，呼吸病變者眾，感冒影響生活步調，久咳哮喘，上氣不接下氣，甚為痛苦，影響生活品質...家庭食療OO粉，改善體質...",
        "violation_type": "涉及誇大、易生誤解"
      },
      {
        "id": "衛生福利部暨臺北市政府衛生局食品廣告例句209-項次177",
        "ad_content": "排除體內宿便，解除便秘的痛苦",
        "violation_type": "涉及誇大、易生誤解"
      },
      {
        "id": "衛生福利部暨臺北市政府衛生局食品廣告例句209-項次178",
        "ad_content": "純天然植物性的賀爾蒙補充品",
        "violation_type": "涉及誇大、易生誤解"
      },
      {
        "id": "衛生福利部暨臺北市政府衛生局食品廣告例句209-項次179",
        "ad_content": "改善睡眠品質中風比較少，快速進入睡眠狀態",
        "violation_type": "涉及誇大、易生誤解"
      },
      {
        "id": "衛生福利部暨臺北市政府衛生局食品廣告例句209-項次180",
        "ad_content": "精心調配中藥材為湯底加上棗椰與雞肉（棗椰為天然威而剛具壯陽療效）",
        "violation_type": "涉及誇大、易生誤解"
      },
      {
        "id": "衛生福利部暨臺北市政府衛生局食品廣告例句209-項次181",
        "ad_content": "「聰明」茶、「波霸」美茶",
        "violation_type": "涉及誇大、易生誤解（影射「增智」、「豐胸」之功能）"
      },
      {
        "id": "衛生福利部暨臺北市政府衛生局食品廣告例句209-項次182",
        "ad_content": "序列導航...主動循跡填補身體所需...",
        "violation_type": "涉及誇大、易生誤解（易使民眾誤解該產品具「修復特定標的」之生理功能）"
      },
      {
        "id": "衛生福利部暨臺北市政府衛生局食品廣告例句209-項次183",
        "ad_content": "讓皮膚、全身都光彩滿分！...",
        "violation_type": "涉及誇大、易生誤解（影射該產品具「改變身體外觀」之功效）"
      },
      {
        "id": "衛生福利部暨臺北市政府衛生局食品廣告例句209-項次184",
        "ad_content": "「OO關鍵，維持行動力的關鍵...下樓關鍵環節受力x5倍」、「關鍵環節每天受壓，光是走路就承受身體兩倍的重量，上樓梯變3倍，下樓時更要承受5倍的重量，關鍵環節長時間過度擠壓，就會影響行動力...新OO關鍵，維持行動力的關鍵...」",
        "violation_type": "涉及誇大、易生誤解（整體表現影射「關節保健」）"
      },
      {
        "id": "衛生福利部暨臺北市政府衛生局食品廣告例句209-項次185",
        "ad_content": "「...美國心臟協會推薦...Omega3:6奧美加飲食有益健康...」等文詞並佐以心型圖形",
        "violation_type": "涉及誇大、易生誤解（整體表現影射「未涉及中藥材效能而涉及五官臟器者」）"
      },
      {
        "id": "衛生福利部暨臺北市政府衛生局食品廣告例句209-項次186",
        "ad_content": "OO發泡飲...能提升防禦力...打底又防護...形成「OO可思議的防禦力」...增強體力與防禦力...接骨木莓-其優異的抗氧化力...讓身體彷彿穿了一件無形的衣服，能防禦一切外來的侵襲...",
        "violation_type": "涉及誇大、易生誤解（整體表現「涉及生理功能者」）"
      },
      {
        "id": "衛生福利部暨臺北市政府衛生局食品廣告例句209-項次187",
        "ad_content": "靈活關節好輕鬆...對腰部肩膀沒自信...走路上下樓梯感到吃力...煩惱更年期各種問題",
        "violation_type": "涉及誇大、易生誤解（整體表現影射「關節保健」）"
      },
      {
        "id": "衛生福利部暨臺北市政府衛生局食品廣告例句209-項次188",
        "ad_content": "雙眸乾燥、酸澀..可抵擋陽光中的紫外線強光...就像戴了一層藍色的太陽眼鏡",
        "violation_type": "涉及誇大、易生誤解（整體表現「涉及生理功能者」）"
      },
      {
        "id": "衛生福利部暨臺北市政府衛生局食品廣告例句209-項次189",
        "ad_content": "舒緩焦躁情緒及緊張壓力...舒緩中暑不適",
        "violation_type": "涉及誇大、易生誤解（整體表現「涉及生理功能者」）"
      },
      {
        "id": "衛生福利部暨臺北市政府衛生局食品廣告例句209-項次190",
        "ad_content": "食用膠原蛋白的好處..防止皮膚老化、減少皺紋生成、維持皮膚彈性與光澤、保濕..增進血管彈性；使髮質保持彈性與柔亮，預防分岔斷裂；使指甲不再黯淡無光..使骨骼容易留住鈣質、強化骨骼健康..增強關節間軟骨彈性，延緩關節老化與退化....彈性纖維細胞內外形成完整屏障，抗氧化及抗自由基對真皮層的破壞...使人外表豐潤飽滿，氣色充足...",
        "violation_type": "涉及誇大、易生誤解（整體表現「涉及生理功能者」）"
      },
      {
        "id": "衛生福利部暨臺北市政府衛生局食品廣告例句209-項次191",
        "ad_content": "受到經前症候群的困擾..包括有焦慮、緊張、倦怠、乳房腫脹..服用OO酵素後都有明顯的改善",
        "violation_type": "涉及誇大、易生誤解（整體表現「涉及生理功能者」）"
      },
      {
        "id": "衛生福利部暨臺北市政府衛生局食品廣告例句209-項次192",
        "ad_content": "跟口臭、黃板牙說Bye~Bye！..確實預防蛀牙..減少口腔齲齒及口臭的壞菌",
        "violation_type": "涉及誇大、易生誤解（整體表現「涉及生理功能者」）"
      },
      {
        "id": "衛生福利部暨臺北市政府衛生局食品廣告例句209-項次193",
        "ad_content": "晶白配方",
        "violation_type": "涉及誇大、易生誤解（涉及改變外觀之美白效果）"
      },
      {
        "id": "衛生福利部暨臺北市政府衛生局食品廣告例句209-項次194",
        "ad_content": "少一點，少一點，只要再少一點(佐以捏著肚子肥肉特寫畫面)...只要六週，實現妳健康窈窕的慾望...(並佐以代言人OOO身材前後比較畫面)",
        "violation_type": "涉及誇大、易生誤解（改變外觀效果）"
      },
      {
        "id": "衛生福利部暨臺北市政府衛生局食品廣告例句209-項次195",
        "ad_content": "護眼處方，護眼新世界的領航者...在室外接受紫外線照射較多的人，通過電視、個人電腦、遊戲等較多的將眼睛暴露在藍光中的人，其體內蓄積的葉黃素(Lutein)較易消耗，因此應注意攝取富含葉黃素(Lutein)的食物。...產品說明:增進視力及提高視覺敏銳度。",
        "violation_type": "涉及誇大、易生誤解（整體表現「涉及生理功能者」）"
      },
      {
        "id": "衛生福利部暨臺北市政府衛生局食品廣告例句209-項次196",
        "ad_content": "不乾澀...舒緩現代人因過度使用而造成的視覺不適讓視界更清晰..",
        "violation_type": "涉及誇大、易生誤解（整體表現「涉及生理功能者」）"
      },
      {
        "id": "衛生福利部暨臺北市政府衛生局食品廣告例句209-項次197",
        "ad_content": "類胡蘿蔔素、抗氧化維他命，以及鋅及硒等礦物質(以抗氧化酵素化合物形式提供)，是維繫身體抗氧化侵襲的主要成分..乾性AMD在目前並沒有治療的方法，目前有一些營養補充劑的使用，已被證明可以延緩高風險患者的病情進展。因此，可將營養補充劑給予那些具有風險的人們，包括有黃斑變化的患者、以及被診斷為乾性老年性黃斑部病變的患者",
        "violation_type": "涉及誇大、易生誤解（整體表現「涉及生理功能者」）"
      },
     {
        "id": "衛生福利部暨臺北市政府衛生局食品廣告例句209-項次198",
        "ad_content": "果然有一套...奇異果-降血脂，預防心血管疾病、預防尿路結石、保護視力...蘋果-雙向改善輕度腹瀉及便秘、降低膽固醇、改善高血壓、刺激腸壁，增加蠕動作用...木瓜-青木瓜自古就是首選豐胸佳果...鳳梨-改善腎臟功能...芭樂-清除自由基、強化免疫力...漢方...烏梅-疏肝和胃、解毒...洛神花-止咳、降壓...薏仁-利水滲濕、健脾、清熱..",
        "violation_type": "涉及誇大、易生誤解（整體表現「涉及生理功能者」）"
      },
      {
        "id": "衛生福利部暨臺北市政府衛生局食品廣告例句209-項次199",
        "ad_content": "...有氧美胸...投資妳的事業線...ㄋㄟㄋㄟup up完全心動啊...對乳腺、腺泡這些靶細胞進行有效作用...也就是讓身上其它部位多的脂肪轉移並積在胸部...",
        "violation_type": "涉及誇大、易生誤解（涉及改變身體外觀者）"
      },
      {
        "id": "衛生福利部暨臺北市政府衛生局食品廣告例句209-項次200",
        "ad_content": "...個子小，總坐前排...體格調整...",
        "violation_type": "涉及誇大、易生誤解（涉及改變身體外觀者）"
      },
      {
        "id": "衛生福利部暨臺北市政府衛生局食品廣告例句209-項次201",
        "ad_content": "...肌膚水潤好氣色...",
        "violation_type": "涉及誇大、易生誤解（涉及五官臟器者）"
      },
      {
        "id": "衛生福利部暨臺北市政府衛生局食品廣告例句209-項次202",
        "ad_content": "...OO櫻桃汁...含有豐富天然花青素、類黃酮、褪黑激素...花青素可以減少氧化壓力...類黃酮...天然的抗氧化劑...",
        "violation_type": "涉及不實、誇張或易生誤解（涉及維持或改變人體器官、組織、生理或外觀之功能）"
      },
      {
        "id": "衛生福利部暨臺北市政府衛生局食品廣告例句209-項次203",
        "ad_content": "...硝酸鹽補充品的黃金標準...比賽當天2瓶...補充硝酸鹽可以延後4%-25%運動表現衰竭時間可以增加運動表現1%-3%減少計時時間，增加3-5%高強度間歇運動表現...",
        "violation_type": "涉及不實、誇張或易生誤解（涉及維持或改變人體器官、組織、生理或外觀之功能）"
      },
      {
        "id": "衛生福利部暨臺北市政府衛生局食品廣告例句209-項次204",
        "ad_content": "...星期二早上需要一點(佐以眼睛圖示)...眼睛愛顧...眼睛...",
        "violation_type": "涉及不實、誇張或易生誤解（涉及維持或改變人體器官、組織、生理或外觀之功能）"
      },
      {
        "id": "衛生福利部暨臺北市政府衛生局食品廣告例句209-項次205",
        "ad_content": "...那這一年多來我也沒被染上...包括我全部公司的人都已經得了流行性感冒...我其實都沒有...我的小孩也都沒有...所以如果我自己沒有喝許氏的花旗參...我不敢來",
        "violation_type": "涉及醫療效能（涉及預防、改善、減輕、診斷或治療疾病、疾病症候群或症狀）"
      },
      {
        "id": "衛生福利部暨臺北市政府衛生局食品廣告例句209-項次206",
        "ad_content": "...悶搔不再坐立難安掰掰!...私密保養的秘密武器...告別討人厭的反覆報到...讓私密深呼吸...並佐以私密處(陰部)示意圖...",
        "violation_type": "涉及不實、誇張或易生誤解（涉及維持或改變人體器官、組織、生理或外觀之功能）"
      },
      {
        "id": "衛生福利部暨臺北市政府衛生局食品廣告例句209-項次207",
        "ad_content": "...肚子整個平坦了...肚子不會絞痛...不會絞痛或拉肚子...瘦了兩公斤...肚子脹...皮膚抗議...老化加快...排便卡卡...身體疲憊...消化不良...",
        "violation_type": "涉及不實、誇張或易生誤解（涉及維持或改變人體器官、組織、生理或外觀之功能）"
      },
      {
        "id": "衛生福利部暨臺北市政府衛生局食品廣告例句209-項次208",
        "ad_content": "葉黃素和玉米黃素是的重要武器，倘若體內的累積量不足，效果就會變差，恐造成不可逆的護明傷害，佐以「對抗3C護明首選」圖片等內容",
        "violation_type": "涉及不實、誇張或易生誤解（涉及影射五官臟器）"
      },
      {
        "id": "衛生福利部暨臺北市政府衛生局食品廣告例句209-項次209",
        "ad_content": "...超人苦了吞！累了撐!...自殺死亡者中，男性是女性的1.5倍...台灣男性死因中自殺排名第10...自殺男子中，又以45歲至64歲男子佔比最高...上班總覺得疲勞中午過後就頻繁的打哈欠...精神不集中...超人也會累...台灣中年男性真的是最疲勞的一群...「OO瑪卡」就是針對您的疲勞...",
        "violation_type": "涉及不實、誇張或易生誤解（涉及維持或改變人體器官、組織、生理或外觀之功能）"
      }
    ]
  }
}